date,method,event_id,risk,label,selected,nearest_candidate_km,candidate_neighbors_5km,nearest_selected_km,risk_group,spatial_group,category,source
2024-12-02,risk_first,38549,0.05935649,0,0,0.162738,21,0.0,moderate,clustered,工地道路-施工工地,自查自报
2024-12-02,risk_first,38548,0.05449357,0,0,0.008269,21,0.0,low,clustered,工地道路-施工工地,自查自报
2024-12-02,risk_first,38547,0.05954704,1,0,0.008269,21,0.0,moderate,clustered,工地道路-施工工地,自查自报
2024-12-02,risk_first,38546,0.05881635,0,0,0.092912,21,0.0,moderate,clustered,工地道路-施工工地,自查自报
2024-12-02,risk_first,38545,0.06049288,0,1,0.572023,9,1.600774,moderate,clustered,工地道路-施工工地,自查自报
2024-12-02,risk_first,38544,0.19778791,0,0,71.480346,0,0.0,moderate,isolated,工业企业,自查自报
2024-12-02,risk_first,38543,0.05717475,0,0,0.572023,9,0.0,low,clustered,工地道路-施工工地,自查自报
2024-12-02,risk_first,38542,0.36584491,0,1,0.092912,21,0.219328,high,clustered,其他面源-固定餐饮,自查自报
2024-12-02,risk_first,38540,0.36572615,0,1,0.001243,21,0.001243,high,clustered,其他面源-固定餐饮,自查自报
2024-12-02,risk_first,38541,0.36414193,0,1,0.001243,21,0.001243,moderate,clustered,其他面源-固定餐饮,自查自报
2024-12-02,risk_first,38539,0.36323353,0,1,0.002053,21,0.002053,moderate,clustered,其他面源-固定餐饮,自查自报
2024-12-02,risk_first,38538,0.36693093,0,1,0.013992,21,0.013992,high,clustered,其他面源-固定餐饮,自查自报
2024-12-02,risk_first,38537,0.36131129,0,1,0.001306,21,0.001306,moderate,clustered,其他面源-固定餐饮,自查自报
2024-12-02,risk_first,38536,0.36436231,0,1,0.013992,21,0.013992,high,clustered,其他面源-固定餐饮,自查自报
2024-12-02,risk_first,38534,0.36060466,0,1,0.001306,21,0.001306,moderate,clustered,其他面源-固定餐饮,自查自报
2024-12-02,risk_first,38535,0.36722133,0,1,0.014757,21,0.014757,high,clustered,其他面源-固定餐饮,自查自报
2024-12-02,risk_first,38533,0.36534802,0,1,0.014757,21,0.014757,high,clustered,其他面源-固定餐饮,自查自报
2024-12-02,risk_first,38532,0.36568876,0,1,0.019738,21,0.019738,high,clustered,其他面源-固定餐饮,自查自报
2024-12-02,risk_first,38531,0.36885394,0,1,0.008625,21,0.008625,high,clustered,其他面源-固定餐饮,自查自报
2024-12-02,risk_first,38530,0.05577853,0,0,0.803116,21,0.0,low,clustered,工地道路-施工工地,自查自报
2024-12-02,risk_first,38529,0.36636703,1,1,0.008625,21,0.008625,high,clustered,其他面源-固定餐饮,自查自报
2024-12-02,risk_first,38528,0.3679449,0,1,0.009436,21,0.009436,high,clustered,其他面源-固定餐饮,自查自报
2024-12-02,risk_first,38527,0.05721686,0,0,0.287956,9,0.0,moderate,clustered,工地道路-施工工地,自查自报
2024-12-02,risk_first,38526,0.36416087,0,1,0.009436,21,0.009436,moderate,clustered,其他面源-固定餐饮,自查自报
2024-12-02,risk_first,38525,0.05688557,0,0,0.287956,9,0.0,low,clustered,工地道路-施工工地,自查自报
2024-12-02,risk_first,38524,0.06019963,0,1,0.292357,9,1.600774,moderate,clustered,工地道路-施工工地,自查自报
2024-12-02,risk_first,38523,0.05661941,0,0,0.004044,9,0.0,low,clustered,工地道路-施工工地,自查自报
2024-12-02,risk_first,38522,0.05691694,0,0,0.004044,9,0.0,low,clustered,工地道路-施工工地,自查自报
2024-12-02,risk_first,38521,0.3620234,0,1,0.120417,21,0.120417,moderate,clustered,其他面源-固定餐饮,自查自报
2024-12-02,risk_first,38520,0.05916901,0,0,7.079308,0,0.0,moderate,isolated,工地道路-施工工地,自查自报
2024-12-02,risk_first,38519,0.36582329,0,1,0.128651,21,0.128651,high,clustered,其他面源-固定餐饮,自查自报
2024-12-02,risk_first,38518,0.21016969,0,1,0.439138,9,0.439138,moderate,clustered,工业企业,自查自报
2024-12-02,risk_first,38517,0.20715462,0,1,0.439138,9,0.439138,moderate,clustered,工业企业,自查自报
2024-12-02,risk_first,38516,0.05979299,0,0,0.026525,5,0.0,moderate,clustered,工地道路-施工工地,自查自报
2024-12-02,risk_first,38515,0.05484541,0,0,0.026525,5,0.0,low,clustered,工地道路-施工工地,自查自报
2024-12-02,risk_first,38514,0.05865033,0,0,0.448493,9,0.0,moderate,clustered,工地道路-施工工地,自查自报
2024-12-02,risk_first,38513,0.0543795,0,0,0.231071,5,0.0,low,clustered,工地道路-施工工地,自查自报
2024-12-02,risk_first,38512,0.06132235,0,1,0.116373,5,12.489967,moderate,clustered,工地道路-施工工地,自查自报
2024-12-02,risk_first,38511,0.05790033,0,0,0.087788,5,0.0,moderate,clustered,工地道路-施工工地,自查自报
2024-12-02,risk_first,38510,0.05610857,0,0,0.087788,5,0.0,low,clustered,工地道路-施工工地,自查自报
2024-12-02,deterministic_sir,38549,0.05935649,0,1,0.162738,21,0.162738,moderate,clustered,工地道路-施工工地,自查自报
2024-12-02,deterministic_sir,38548,0.05449357,0,0,0.008269,21,0.0,low,clustered,工地道路-施工工地,自查自报
2024-12-02,deterministic_sir,38547,0.05954704,1,1,0.008269,21,0.162738,moderate,clustered,工地道路-施工工地,自查自报
2024-12-02,deterministic_sir,38546,0.05881635,0,1,0.092912,21,0.092912,moderate,clustered,工地道路-施工工地,自查自报
2024-12-02,deterministic_sir,38545,0.06049288,0,1,0.572023,9,0.572023,moderate,clustered,工地道路-施工工地,自查自报
2024-12-02,deterministic_sir,38544,0.19778791,0,0,71.480346,0,0.0,moderate,isolated,工业企业,自查自报
2024-12-02,deterministic_sir,38543,0.05717475,0,1,0.572023,9,0.572023,low,clustered,工地道路-施工工地,自查自报
2024-12-02,deterministic_sir,38542,0.36584491,0,1,0.092912,21,0.092912,high,clustered,其他面源-固定餐饮,自查自报
2024-12-02,deterministic_sir,38540,0.36572615,0,1,0.001243,21,0.001243,high,clustered,其他面源-固定餐饮,自查自报
2024-12-02,deterministic_sir,38541,0.36414193,0,1,0.001243,21,0.001243,moderate,clustered,其他面源-固定餐饮,自查自报
2024-12-02,deterministic_sir,38539,0.36323353,0,1,0.002053,21,0.002053,moderate,clustered,其他面源-固定餐饮,自查自报
2024-12-02,deterministic_sir,38538,0.36693093,0,1,0.013992,21,0.013992,high,clustered,其他面源-固定餐饮,自查自报
2024-12-02,deterministic_sir,38537,0.36131129,0,1,0.001306,21,0.001306,moderate,clustered,其他面源-固定餐饮,自查自报
2024-12-02,deterministic_sir,38536,0.36436231,0,1,0.013992,21,0.013992,high,clustered,其他面源-固定餐饮,自查自报
2024-12-02,deterministic_sir,38534,0.36060466,0,1,0.001306,21,0.001306,moderate,clustered,其他面源-固定餐饮,自查自报
2024-12-02,deterministic_sir,38535,0.36722133,0,1,0.014757,21,0.014757,high,clustered,其他面源-固定餐饮,自查自报
2024-12-02,deterministic_sir,38533,0.36534802,0,1,0.014757,21,0.014757,high,clustered,其他面源-固定餐饮,自查自报
2024-12-02,deterministic_sir,38532,0.36568876,0,1,0.019738,21,0.019738,high,clustered,其他面源-固定餐饮,自查自报
2024-12-02,deterministic_sir,38531,0.36885394,0,1,0.008625,21,0.008625,high,clustered,其他面源-固定餐饮,自查自报
2024-12-02,deterministic_sir,38530,0.05577853,0,0,0.803116,21,0.0,low,clustered,工地道路-施工工地,自查自报
2024-12-02,deterministic_sir,38529,0.36636703,1,1,0.008625,21,0.008625,high,clustered,其他面源-固定餐饮,自查自报
2024-12-02,deterministic_sir,38528,0.3679449,0,1,0.009436,21,0.009436,high,clustered,其他面源-固定餐饮,自查自报
2024-12-02,deterministic_sir,38527,0.05721686,0,0,0.287956,9,0.0,moderate,clustered,工地道路-施工工地,自查自报
2024-12-02,deterministic_sir,38526,0.36416087,0,1,0.009436,21,0.009436,moderate,clustered,其他面源-固定餐饮,自查自报
2024-12-02,deterministic_sir,38525,0.05688557,0,0,0.287956,9,0.0,low,clustered,工地道路-施工工地,自查自报
2024-12-02,deterministic_sir,38524,0.06019963,0,0,0.292357,9,0.0,moderate,clustered,工地道路-施工工地,自查自报
2024-12-02,deterministic_sir,38523,0.05661941,0,1,0.004044,9,2.072042,low,clustered,工地道路-施工工地,自查自报
2024-12-02,deterministic_sir,38522,0.05691694,0,0,0.004044,9,0.0,low,clustered,工地道路-施工工地,自查自报
2024-12-02,deterministic_sir,38521,0.3620234,0,1,0.120417,21,0.120417,moderate,clustered,其他面源-固定餐饮,自查自报
2024-12-02,deterministic_sir,38520,0.05916901,0,0,7.079308,0,0.0,moderate,isolated,工地道路-施工工地,自查自报
2024-12-02,deterministic_sir,38519,0.36582329,0,1,0.128651,21,0.128651,high,clustered,其他面源-固定餐饮,自查自报
2024-12-02,deterministic_sir,38518,0.21016969,0,1,0.439138,9,2.929578,moderate,clustered,工业企业,自查自报
2024-12-02,deterministic_sir,38517,0.20715462,0,0,0.439138,9,0.0,moderate,clustered,工业企业,自查自报
2024-12-02,deterministic_sir,38516,0.05979299,0,0,0.026525,5,0.0,moderate,clustered,工地道路-施工工地,自查自报
2024-12-02,deterministic_sir,38515,0.05484541,0,0,0.026525,5,0.0,low,clustered,工地道路-施工工地,自查自报
2024-12-02,deterministic_sir,38514,0.05865033,0,0,0.448493,9,0.0,moderate,clustered,工地道路-施工工地,自查自报
2024-12-02,deterministic_sir,38513,0.0543795,0,0,0.231071,5,0.0,low,clustered,工地道路-施工工地,自查自报
2024-12-02,deterministic_sir,38512,0.06132235,0,0,0.116373,5,0.0,moderate,clustered,工地道路-施工工地,自查自报
2024-12-02,deterministic_sir,38511,0.05790033,0,0,0.087788,5,0.0,moderate,clustered,工地道路-施工工地,自查自报
2024-12-02,deterministic_sir,38510,0.05610857,0,0,0.087788,5,0.0,low,clustered,工地道路-施工工地,自查自报
2024-12-02,saa_no_recourse,38549,0.05935649,0,0,0.162738,21,0.0,moderate,clustered,工地道路-施工工地,自查自报
2024-12-02,saa_no_recourse,38548,0.05449357,0,0,0.008269,21,0.0,low,clustered,工地道路-施工工地,自查自报
2024-12-02,saa_no_recourse,38547,0.05954704,1,0,0.008269,21,0.0,moderate,clustered,工地道路-施工工地,自查自报
2024-12-02,saa_no_recourse,38546,0.05881635,0,1,0.092912,21,0.092912,moderate,clustered,工地道路-施工工地,自查自报
2024-12-02,saa_no_recourse,38545,0.06049288,0,0,0.572023,9,0.0,moderate,clustered,工地道路-施工工地,自查自报
2024-12-02,saa_no_recourse,38544,0.19778791,0,0,71.480346,0,0.0,moderate,isolated,工业企业,自查自报
2024-12-02,saa_no_recourse,38543,0.05717475,0,0,0.572023,9,0.0,low,clustered,工地道路-施工工地,自查自报
2024-12-02,saa_no_recourse,38542,0.36584491,0,1,0.092912,21,0.092912,high,clustered,其他面源-固定餐饮,自查自报
2024-12-02,saa_no_recourse,38540,0.36572615,0,1,0.001243,21,0.001243,high,clustered,其他面源-固定餐饮,自查自报
2024-12-02,saa_no_recourse,38541,0.36414193,0,1,0.001243,21,0.001243,moderate,clustered,其他面源-固定餐饮,自查自报
2024-12-02,saa_no_recourse,38539,0.36323353,0,1,0.002053,21,0.002053,moderate,clustered,其他面源-固定餐饮,自查自报
2024-12-02,saa_no_recourse,38538,0.36693093,0,1,0.013992,21,0.013992,high,clustered,其他面源-固定餐饮,自查自报
2024-12-02,saa_no_recourse,38537,0.36131129,0,1,0.001306,21,0.001306,moderate,clustered,其他面源-固定餐饮,自查自报
2024-12-02,saa_no_recourse,38536,0.36436231,0,1,0.013992,21,0.013992,high,clustered,其他面源-固定餐饮,自查自报
2024-12-02,saa_no_recourse,38534,0.36060466,0,1,0.001306,21,0.001306,moderate,clustered,其他面源-固定餐饮,自查自报
2024-12-02,saa_no_recourse,38535,0.36722133,0,1,0.014757,21,0.014757,high,clustered,其他面源-固定餐饮,自查自报
2024-12-02,saa_no_recourse,38533,0.36534802,0,1,0.014757,21,0.014757,high,clustered,其他面源-固定餐饮,自查自报
2024-12-02,saa_no_recourse,38532,0.36568876,0,1,0.019738,21,0.019738,high,clustered,其他面源-固定餐饮,自查自报
2024-12-02,saa_no_recourse,38531,0.36885394,0,1,0.008625,21,0.008625,high,clustered,其他面源-固定餐饮,自查自报
2024-12-02,saa_no_recourse,38530,0.05577853,0,0,0.803116,21,0.0,low,clustered,工地道路-施工工地,自查自报
2024-12-02,saa_no_recourse,38529,0.36636703,1,1,0.008625,21,0.008625,high,clustered,其他面源-固定餐饮,自查自报
2024-12-02,saa_no_recourse,38528,0.3679449,0,1,0.009436,21,0.009436,high,clustered,其他面源-固定餐饮,自查自报
2024-12-02,saa_no_recourse,38527,0.05721686,0,0,0.287956,9,0.0,moderate,clustered,工地道路-施工工地,自查自报
2024-12-02,saa_no_recourse,38526,0.36416087,0,1,0.009436,21,0.009436,moderate,clustered,其他面源-固定餐饮,自查自报
2024-12-02,saa_no_recourse,38525,0.05688557,0,1,0.287956,9,1.183343,low,clustered,工地道路-施工工地,自查自报
2024-12-02,saa_no_recourse,38524,0.06019963,0,0,0.292357,9,0.0,moderate,clustered,工地道路-施工工地,自查自报
2024-12-02,saa_no_recourse,38523,0.05661941,0,0,0.004044,9,0.0,low,clustered,工地道路-施工工地,自查自报
2024-12-02,saa_no_recourse,38522,0.05691694,0,0,0.004044,9,0.0,low,clustered,工地道路-施工工地,自查自报
2024-12-02,saa_no_recourse,38521,0.3620234,0,1,0.120417,21,0.120417,moderate,clustered,其他面源-固定餐饮,自查自报
2024-12-02,saa_no_recourse,38520,0.05916901,0,0,7.079308,0,0.0,moderate,isolated,工地道路-施工工地,自查自报
2024-12-02,saa_no_recourse,38519,0.36582329,0,1,0.128651,21,0.128651,high,clustered,其他面源-固定餐饮,自查自报
2024-12-02,saa_no_recourse,38518,0.21016969,0,1,0.439138,9,0.439138,moderate,clustered,工业企业,自查自报
2024-12-02,saa_no_recourse,38517,0.20715462,0,1,0.439138,9,0.439138,moderate,clustered,工业企业,自查自报
2024-12-02,saa_no_recourse,38516,0.05979299,0,0,0.026525,5,0.0,moderate,clustered,工地道路-施工工地,自查自报
2024-12-02,saa_no_recourse,38515,0.05484541,0,0,0.026525,5,0.0,low,clustered,工地道路-施工工地,自查自报
2024-12-02,saa_no_recourse,38514,0.05865033,0,1,0.448493,9,1.183343,moderate,clustered,工地道路-施工工地,自查自报
2024-12-02,saa_no_recourse,38513,0.0543795,0,0,0.231071,5,0.0,low,clustered,工地道路-施工工地,自查自报
2024-12-02,saa_no_recourse,38512,0.06132235,0,0,0.116373,5,0.0,moderate,clustered,工地道路-施工工地,自查自报
2024-12-02,saa_no_recourse,38511,0.05790033,0,0,0.087788,5,0.0,moderate,clustered,工地道路-施工工地,自查自报
2024-12-02,saa_no_recourse,38510,0.05610857,0,0,0.087788,5,0.0,low,clustered,工地道路-施工工地,自查自报
2024-12-02,two_stage_recourse,38549,0.05935649,0,0,0.162738,21,0.0,moderate,clustered,工地道路-施工工地,自查自报
2024-12-02,two_stage_recourse,38548,0.05449357,0,0,0.008269,21,0.0,low,clustered,工地道路-施工工地,自查自报
2024-12-02,two_stage_recourse,38547,0.05954704,1,1,0.008269,21,1.770546,moderate,clustered,工地道路-施工工地,自查自报
2024-12-02,two_stage_recourse,38546,0.05881635,0,0,0.092912,21,0.0,moderate,clustered,工地道路-施工工地,自查自报
2024-12-02,two_stage_recourse,38545,0.06049288,0,1,0.572023,9,3.369608,moderate,clustered,工地道路-施工工地,自查自报
2024-12-02,two_stage_recourse,38544,0.19778791,0,0,71.480346,0,0.0,moderate,isolated,工业企业,自查自报
2024-12-02,two_stage_recourse,38543,0.05717475,0,0,0.572023,9,0.0,low,clustered,工地道路-施工工地,自查自报
2024-12-02,two_stage_recourse,38542,0.36584491,0,1,0.092912,21,0.219328,high,clustered,其他面源-固定餐饮,自查自报
2024-12-02,two_stage_recourse,38540,0.36572615,0,1,0.001243,21,0.001243,high,clustered,其他面源-固定餐饮,自查自报
2024-12-02,two_stage_recourse,38541,0.36414193,0,1,0.001243,21,0.001243,moderate,clustered,其他面源-固定餐饮,自查自报
2024-12-02,two_stage_recourse,38539,0.36323353,0,1,0.002053,21,0.002053,moderate,clustered,其他面源-固定餐饮,自查自报
2024-12-02,two_stage_recourse,38538,0.36693093,0,1,0.013992,21,0.013992,high,clustered,其他面源-固定餐饮,自查自报
2024-12-02,two_stage_recourse,38537,0.36131129,0,1,0.001306,21,0.001306,moderate,clustered,其他面源-固定餐饮,自查自报
2024-12-02,two_stage_recourse,38536,0.36436231,0,1,0.013992,21,0.013992,high,clustered,其他面源-固定餐饮,自查自报
2024-12-02,two_stage_recourse,38534,0.36060466,0,1,0.001306,21,0.001306,moderate,clustered,其他面源-固定餐饮,自查自报
2024-12-02,two_stage_recourse,38535,0.36722133,0,1,0.014757,21,0.014757,high,clustered,其他面源-固定餐饮,自查自报
2024-12-02,two_stage_recourse,38533,0.36534802,0,1,0.014757,21,0.014757,high,clustered,其他面源-固定餐饮,自查自报
2024-12-02,two_stage_recourse,38532,0.36568876,0,1,0.019738,21,0.019738,high,clustered,其他面源-固定餐饮,自查自报
2024-12-02,two_stage_recourse,38531,0.36885394,0,1,0.008625,21,0.008625,high,clustered,其他面源-固定餐饮,自查自报
2024-12-02,two_stage_recourse,38530,0.05577853,0,0,0.803116,21,0.0,low,clustered,工地道路-施工工地,自查自报
2024-12-02,two_stage_recourse,38529,0.36636703,1,1,0.008625,21,0.008625,high,clustered,其他面源-固定餐饮,自查自报
2024-12-02,two_stage_recourse,38528,0.3679449,0,1,0.009436,21,0.009436,high,clustered,其他面源-固定餐饮,自查自报
2024-12-02,two_stage_recourse,38527,0.05721686,0,0,0.287956,9,0.0,moderate,clustered,工地道路-施工工地,自查自报
2024-12-02,two_stage_recourse,38526,0.36416087,0,1,0.009436,21,0.009436,moderate,clustered,其他面源-固定餐饮,自查自报
2024-12-02,two_stage_recourse,38525,0.05688557,0,0,0.287956,9,0.0,low,clustered,工地道路-施工工地,自查自报
2024-12-02,two_stage_recourse,38524,0.06019963,0,0,0.292357,9,0.0,moderate,clustered,工地道路-施工工地,自查自报
2024-12-02,two_stage_recourse,38523,0.05661941,0,0,0.004044,9,0.0,low,clustered,工地道路-施工工地,自查自报
2024-12-02,two_stage_recourse,38522,0.05691694,0,0,0.004044,9,0.0,low,clustered,工地道路-施工工地,自查自报
2024-12-02,two_stage_recourse,38521,0.3620234,0,1,0.120417,21,0.120417,moderate,clustered,其他面源-固定餐饮,自查自报
2024-12-02,two_stage_recourse,38520,0.05916901,0,0,7.079308,0,0.0,moderate,isolated,工地道路-施工工地,自查自报
2024-12-02,two_stage_recourse,38519,0.36582329,0,1,0.128651,21,0.128651,high,clustered,其他面源-固定餐饮,自查自报
2024-12-02,two_stage_recourse,38518,0.21016969,0,1,0.439138,9,0.439138,moderate,clustered,工业企业,自查自报
2024-12-02,two_stage_recourse,38517,0.20715462,0,1,0.439138,9,0.439138,moderate,clustered,工业企业,自查自报
2024-12-02,two_stage_recourse,38516,0.05979299,0,0,0.026525,5,0.0,moderate,clustered,工地道路-施工工地,自查自报
2024-12-02,two_stage_recourse,38515,0.05484541,0,0,0.026525,5,0.0,low,clustered,工地道路-施工工地,自查自报
2024-12-02,two_stage_recourse,38514,0.05865033,0,0,0.448493,9,0.0,moderate,clustered,工地道路-施工工地,自查自报
2024-12-02,two_stage_recourse,38513,0.0543795,0,0,0.231071,5,0.0,low,clustered,工地道路-施工工地,自查自报
2024-12-02,two_stage_recourse,38512,0.06132235,0,1,0.116373,5,12.489967,moderate,clustered,工地道路-施工工地,自查自报
2024-12-02,two_stage_recourse,38511,0.05790033,0,0,0.087788,5,0.0,moderate,clustered,工地道路-施工工地,自查自报
2024-12-02,two_stage_recourse,38510,0.05610857,0,0,0.087788,5,0.0,low,clustered,工地道路-施工工地,自查自报
2024-12-02,dro_recourse,38549,0.05935649,0,0,0.162738,21,0.0,moderate,clustered,工地道路-施工工地,自查自报
2024-12-02,dro_recourse,38548,0.05449357,0,1,0.008269,21,0.008269,low,clustered,工地道路-施工工地,自查自报
2024-12-02,dro_recourse,38547,0.05954704,1,1,0.008269,21,0.008269,moderate,clustered,工地道路-施工工地,自查自报
2024-12-02,dro_recourse,38546,0.05881635,0,0,0.092912,21,0.0,moderate,clustered,工地道路-施工工地,自查自报
2024-12-02,dro_recourse,38545,0.06049288,0,1,0.572023,9,2.460012,moderate,clustered,工地道路-施工工地,自查自报
2024-12-02,dro_recourse,38544,0.19778791,0,0,71.480346,0,0.0,moderate,isolated,工业企业,自查自报
2024-12-02,dro_recourse,38543,0.05717475,0,0,0.572023,9,0.0,low,clustered,工地道路-施工工地,自查自报
2024-12-02,dro_recourse,38542,0.36584491,0,1,0.092912,21,0.219328,high,clustered,其他面源-固定餐饮,自查自报
2024-12-02,dro_recourse,38540,0.36572615,0,1,0.001243,21,0.001243,high,clustered,其他面源-固定餐饮,自查自报
2024-12-02,dro_recourse,38541,0.36414193,0,1,0.001243,21,0.001243,moderate,clustered,其他面源-固定餐饮,自查自报
2024-12-02,dro_recourse,38539,0.36323353,0,1,0.002053,21,0.002053,moderate,clustered,其他面源-固定餐饮,自查自报
2024-12-02,dro_recourse,38538,0.36693093,0,1,0.013992,21,0.013992,high,clustered,其他面源-固定餐饮,自查自报
2024-12-02,dro_recourse,38537,0.36131129,0,1,0.001306,21,0.001306,moderate,clustered,其他面源-固定餐饮,自查自报
2024-12-02,dro_recourse,38536,0.36436231,0,1,0.013992,21,0.013992,high,clustered,其他面源-固定餐饮,自查自报
2024-12-02,dro_recourse,38534,0.36060466,0,1,0.001306,21,0.001306,moderate,clustered,其他面源-固定餐饮,自查自报
2024-12-02,dro_recourse,38535,0.36722133,0,1,0.014757,21,0.014757,high,clustered,其他面源-固定餐饮,自查自报
2024-12-02,dro_recourse,38533,0.36534802,0,1,0.014757,21,0.014757,high,clustered,其他面源-固定餐饮,自查自报
2024-12-02,dro_recourse,38532,0.36568876,0,1,0.019738,21,0.019738,high,clustered,其他面源-固定餐饮,自查自报
2024-12-02,dro_recourse,38531,0.36885394,0,1,0.008625,21,0.008625,high,clustered,其他面源-固定餐饮,自查自报
2024-12-02,dro_recourse,38530,0.05577853,0,0,0.803116,21,0.0,low,clustered,工地道路-施工工地,自查自报
2024-12-02,dro_recourse,38529,0.36636703,1,1,0.008625,21,0.008625,high,clustered,其他面源-固定餐饮,自查自报
2024-12-02,dro_recourse,38528,0.3679449,0,1,0.009436,21,0.009436,high,clustered,其他面源-固定餐饮,自查自报
2024-12-02,dro_recourse,38527,0.05721686,0,0,0.287956,9,0.0,moderate,clustered,工地道路-施工工地,自查自报
2024-12-02,dro_recourse,38526,0.36416087,0,1,0.009436,21,0.009436,moderate,clustered,其他面源-固定餐饮,自查自报
2024-12-02,dro_recourse,38525,0.05688557,0,0,0.287956,9,0.0,low,clustered,工地道路-施工工地,自查自报
2024-12-02,dro_recourse,38524,0.06019963,0,0,0.292357,9,0.0,moderate,clustered,工地道路-施工工地,自查自报
2024-12-02,dro_recourse,38523,0.05661941,0,0,0.004044,9,0.0,low,clustered,工地道路-施工工地,自查自报
2024-12-02,dro_recourse,38522,0.05691694,0,0,0.004044,9,0.0,low,clustered,工地道路-施工工地,自查自报
2024-12-02,dro_recourse,38521,0.3620234,0,1,0.120417,21,0.120417,moderate,clustered,其他面源-固定餐饮,自查自报
2024-12-02,dro_recourse,38520,0.05916901,0,0,7.079308,0,0.0,moderate,isolated,工地道路-施工工地,自查自报
2024-12-02,dro_recourse,38519,0.36582329,0,1,0.128651,21,0.128651,high,clustered,其他面源-固定餐饮,自查自报
2024-12-02,dro_recourse,38518,0.21016969,0,1,0.439138,9,0.439138,moderate,clustered,工业企业,自查自报
2024-12-02,dro_recourse,38517,0.20715462,0,1,0.439138,9,0.439138,moderate,clustered,工业企业,自查自报
2024-12-02,dro_recourse,38516,0.05979299,0,0,0.026525,5,0.0,moderate,clustered,工地道路-施工工地,自查自报
2024-12-02,dro_recourse,38515,0.05484541,0,0,0.026525,5,0.0,low,clustered,工地道路-施工工地,自查自报
2024-12-02,dro_recourse,38514,0.05865033,0,1,0.448493,9,2.460012,moderate,clustered,工地道路-施工工地,自查自报
2024-12-02,dro_recourse,38513,0.0543795,0,0,0.231071,5,0.0,low,clustered,工地道路-施工工地,自查自报
2024-12-02,dro_recourse,38512,0.06132235,0,0,0.116373,5,0.0,moderate,clustered,工地道路-施工工地,自查自报
2024-12-02,dro_recourse,38511,0.05790033,0,0,0.087788,5,0.0,moderate,clustered,工地道路-施工工地,自查自报
2024-12-02,dro_recourse,38510,0.05610857,0,0,0.087788,5,0.0,low,clustered,工地道路-施工工地,自查自报
2024-12-03,risk_first,38667,0.05743321,0,0,11.461578,0,0.0,moderate,isolated,工地道路-施工工地,自查自报
2024-12-03,risk_first,38666,0.06130264,0,1,0.004966,10,0.744248,moderate,clustered,工地道路-施工工地,自查自报
2024-12-03,risk_first,38665,0.05707662,0,0,0.004966,10,0.0,low,clustered,工地道路-施工工地,自查自报
2024-12-03,risk_first,38664,0.05487633,0,0,0.012191,10,0.0,low,clustered,工地道路-施工工地,自查自报
2024-12-03,risk_first,38663,0.05904493,0,0,2.301859,1,0.0,moderate,clustered,工地道路-施工工地,自查自报
2024-12-03,risk_first,38662,0.05826078,0,0,2.301859,1,0.0,moderate,clustered,工地道路-施工工地,自查自报
2024-12-03,risk_first,38661,0.05793735,0,1,0.510528,10,0.744248,moderate,clustered,工地道路-施工工地,自查自报
2024-12-03,risk_first,38660,0.05569992,0,0,0.510528,10,0.0,low,clustered,工地道路-施工工地,自查自报
2024-12-03,risk_first,38659,0.36584722,0,1,0.001365,10,0.001365,high,clustered,其他面源-固定餐饮,自查自报
2024-12-03,risk_first,38658,0.35973684,0,1,0.001365,10,0.001365,moderate,clustered,其他面源-固定餐饮,自查自报
2024-12-03,risk_first,38657,0.36807493,0,1,0.001474,10,0.001474,high,clustered,其他面源-固定餐饮,自查自报
2024-12-03,risk_first,38654,0.05712723,0,1,1.094978,10,1.411558,moderate,clustered,工地道路-施工工地,自查自报
2024-12-03,risk_first,38655,0.05706609,0,0,0.001365,11,0.0,low,clustered,工地道路-施工工地,自查自报
2024-12-03,risk_first,38656,0.36383283,0,1,0.00415,10,0.00415,high,clustered,其他面源-固定餐饮,自查自报
2024-12-03,risk_first,38652,0.36719668,0,1,0.00415,10,0.00415,high,clustered,其他面源-固定餐饮,自查自报
2024-12-03,risk_first,38653,0.05686945,0,0,0.001365,11,0.0,low,clustered,工地道路-施工工地,自查自报
2024-12-03,risk_first,38651,0.05972648,0,0,0.002992,11,0.0,moderate,clustered,工地道路-施工工地,自查自报
2024-12-03,risk_first,38650,0.06335417,0,1,0.14712,10,0.14712,moderate,clustered,工地道路-施工工地,自查自报
2024-12-03,risk_first,38649,0.36763739,0,1,0.075531,10,0.075531,high,clustered,其他面源-固定餐饮,自查自报
2024-12-03,risk_first,38648,0.06071845,0,0,0.157746,11,0.0,moderate,clustered,工地道路-施工工地,自查自报
2024-12-03,risk_first,38646,0.36529384,0,1,0.000868,10,0.000868,high,clustered,其他面源-固定餐饮,自查自报
2024-12-03,risk_first,38647,0.05559868,0,0,0.157746,11,0.0,low,clustered,工地道路-施工工地,自查自报
2024-12-03,risk_first,38645,0.36674645,0,1,0.001991,10,0.001991,high,clustered,其他面源-固定餐饮,自查自报
2024-12-03,risk_first,38644,0.36711492,0,1,0.000868,10,0.000868,high,clustered,其他面源-固定餐饮,自查自报
2024-12-03,risk_first,38643,0.36526226,0,1,0.003698,10,0.003698,high,clustered,其他面源-固定餐饮,自查自报
2024-12-03,risk_first,38642,0.36291339,0,1,0.01285,10,0.01285,moderate,clustered,其他面源-固定餐饮,自查自报
2024-12-03,risk_first,38641,0.36642116,0,1,0.016648,10,0.016648,high,clustered,其他面源-固定餐饮,自查自报
2024-12-03,risk_first,38640,0.36263543,0,1,0.01285,10,0.01285,moderate,clustered,其他面源-固定餐饮,自查自报
2024-12-03,risk_first,38633,0.39997702,0,1,11.738245,0,18.027753,high,isolated,其他面源-露天喷漆,专项调度
2024-12-03,risk_first,38639,0.05678949,0,0,0.010046,10,0.0,low,clustered,工地道路-施工工地,自查自报
2024-12-03,risk_first,38638,0.05814732,0,1,0.010046,10,1.28057,moderate,clustered,工地道路-施工工地,自查自报
2024-12-03,risk_first,38637,0.05749917,0,0,0.164646,11,0.0,moderate,clustered,工地道路-施工工地,自查自报
2024-12-03,risk_first,38636,0.05548775,0,0,0.205671,11,0.0,low,clustered,工地道路-施工工地,自查自报
2024-12-03,risk_first,38634,0.20162147,0,1,0.269764,1,0.269764,moderate,clustered,工业企业,自查自报
2024-12-03,risk_first,38635,0.05626503,0,0,0.164646,11,0.0,low,clustered,工地道路-施工工地,自查自报
2024-12-03,risk_first,38632,0.05760524,0,0,0.74961,11,0.0,moderate,clustered,工地道路-施工工地,自查自报
2024-12-03,risk_first,38631,0.06213286,0,0,0.231104,11,0.0,moderate,clustered,工地道路-施工工地,自查自报
2024-12-03,risk_first,38630,0.06151167,0,0,0.270173,11,0.0,moderate,clustered,工地道路-施工工地,自查自报
2024-12-03,risk_first,38628,0.05788889,0,0,0.231104,11,0.0,moderate,clustered,工地道路-施工工地,自查自报
2024-12-03,risk_first,38629,0.20362303,0,1,0.269764,1,0.269764,moderate,clustered,工业企业,自查自报
2024-12-03,deterministic_sir,38667,0.05743321,0,0,11.461578,0,0.0,moderate,isolated,工地道路-施工工地,自查自报
2024-12-03,deterministic_sir,38666,0.06130264,0,1,0.004966,10,0.004966,moderate,clustered,工地道路-施工工地,自查自报
2024-12-03,deterministic_sir,38665,0.05707662,0,1,0.004966,10,0.004966,low,clustered,工地道路-施工工地,自查自报
2024-12-03,deterministic_sir,38664,0.05487633,0,0,0.012191,10,0.0,low,clustered,工地道路-施工工地,自查自报
2024-12-03,deterministic_sir,38663,0.05904493,0,0,2.301859,1,0.0,moderate,clustered,工地道路-施工工地,自查自报
2024-12-03,deterministic_sir,38662,0.05826078,0,0,2.301859,1,0.0,moderate,clustered,工地道路-施工工地,自查自报
2024-12-03,deterministic_sir,38661,0.05793735,0,1,0.510528,10,0.744248,moderate,clustered,工地道路-施工工地,自查自报
2024-12-03,deterministic_sir,38660,0.05569992,0,0,0.510528,10,0.0,low,clustered,工地道路-施工工地,自查自报
2024-12-03,deterministic_sir,38659,0.36584722,0,1,0.001365,10,0.001365,high,clustered,其他面源-固定餐饮,自查自报
2024-12-03,deterministic_sir,38658,0.35973684,0,1,0.001365,10,0.001365,moderate,clustered,其他面源-固定餐饮,自查自报
2024-12-03,deterministic_sir,38657,0.36807493,0,1,0.001474,10,0.001474,high,clustered,其他面源-固定餐饮,自查自报
2024-12-03,deterministic_sir,38654,0.05712723,0,1,1.094978,10,1.411558,moderate,clustered,工地道路-施工工地,自查自报
2024-12-03,deterministic_sir,38655,0.05706609,0,0,0.001365,11,0.0,low,clustered,工地道路-施工工地,自查自报
2024-12-03,deterministic_sir,38656,0.36383283,0,1,0.00415,10,0.00415,high,clustered,其他面源-固定餐饮,自查自报
2024-12-03,deterministic_sir,38652,0.36719668,0,1,0.00415,10,0.00415,high,clustered,其他面源-固定餐饮,自查自报
2024-12-03,deterministic_sir,38653,0.05686945,0,0,0.001365,11,0.0,low,clustered,工地道路-施工工地,自查自报
2024-12-03,deterministic_sir,38651,0.05972648,0,0,0.002992,11,0.0,moderate,clustered,工地道路-施工工地,自查自报
2024-12-03,deterministic_sir,38650,0.06335417,0,1,0.14712,10,0.14712,moderate,clustered,工地道路-施工工地,自查自报
2024-12-03,deterministic_sir,38649,0.36763739,0,1,0.075531,10,0.075531,high,clustered,其他面源-固定餐饮,自查自报
2024-12-03,deterministic_sir,38648,0.06071845,0,0,0.157746,11,0.0,moderate,clustered,工地道路-施工工地,自查自报
2024-12-03,deterministic_sir,38646,0.36529384,0,1,0.000868,10,0.000868,high,clustered,其他面源-固定餐饮,自查自报
2024-12-03,deterministic_sir,38647,0.05559868,0,0,0.157746,11,0.0,low,clustered,工地道路-施工工地,自查自报
2024-12-03,deterministic_sir,38645,0.36674645,0,1,0.001991,10,0.001991,high,clustered,其他面源-固定餐饮,自查自报
2024-12-03,deterministic_sir,38644,0.36711492,0,1,0.000868,10,0.000868,high,clustered,其他面源-固定餐饮,自查自报
2024-12-03,deterministic_sir,38643,0.36526226,0,1,0.003698,10,0.003698,high,clustered,其他面源-固定餐饮,自查自报
2024-12-03,deterministic_sir,38642,0.36291339,0,1,0.01285,10,0.01285,moderate,clustered,其他面源-固定餐饮,自查自报
2024-12-03,deterministic_sir,38641,0.36642116,0,1,0.016648,10,0.016648,high,clustered,其他面源-固定餐饮,自查自报
2024-12-03,deterministic_sir,38640,0.36263543,0,1,0.01285,10,0.01285,moderate,clustered,其他面源-固定餐饮,自查自报
2024-12-03,deterministic_sir,38633,0.39997702,0,1,11.738245,0,18.027753,high,isolated,其他面源-露天喷漆,专项调度
2024-12-03,deterministic_sir,38639,0.05678949,0,1,0.010046,10,0.010046,low,clustered,工地道路-施工工地,自查自报
2024-12-03,deterministic_sir,38638,0.05814732,0,1,0.010046,10,0.010046,moderate,clustered,工地道路-施工工地,自查自报
2024-12-03,deterministic_sir,38637,0.05749917,0,0,0.164646,11,0.0,moderate,clustered,工地道路-施工工地,自查自报
2024-12-03,deterministic_sir,38636,0.05548775,0,0,0.205671,11,0.0,low,clustered,工地道路-施工工地,自查自报
2024-12-03,deterministic_sir,38634,0.20162147,0,1,0.269764,1,0.269764,moderate,clustered,工业企业,自查自报
2024-12-03,deterministic_sir,38635,0.05626503,0,0,0.164646,11,0.0,low,clustered,工地道路-施工工地,自查自报
2024-12-03,deterministic_sir,38632,0.05760524,0,0,0.74961,11,0.0,moderate,clustered,工地道路-施工工地,自查自报
2024-12-03,deterministic_sir,38631,0.06213286,0,0,0.231104,11,0.0,moderate,clustered,工地道路-施工工地,自查自报
2024-12-03,deterministic_sir,38630,0.06151167,0,0,0.270173,11,0.0,moderate,clustered,工地道路-施工工地,自查自报
2024-12-03,deterministic_sir,38628,0.05788889,0,0,0.231104,11,0.0,moderate,clustered,工地道路-施工工地,自查自报
2024-12-03,deterministic_sir,38629,0.20362303,0,1,0.269764,1,0.269764,moderate,clustered,工业企业,自查自报
2024-12-03,saa_no_recourse,38667,0.05743321,0,0,11.461578,0,0.0,moderate,isolated,工地道路-施工工地,自查自报
2024-12-03,saa_no_recourse,38666,0.06130264,0,0,0.004966,10,0.0,moderate,clustered,工地道路-施工工地,自查自报
2024-12-03,saa_no_recourse,38665,0.05707662,0,0,0.004966,10,0.0,low,clustered,工地道路-施工工地,自查自报
2024-12-03,saa_no_recourse,38664,0.05487633,0,0,0.012191,10,0.0,low,clustered,工地道路-施工工地,自查自报
2024-12-03,saa_no_recourse,38663,0.05904493,0,1,2.301859,1,11.738245,moderate,clustered,工地道路-施工工地,自查自报
2024-12-03,saa_no_recourse,38662,0.05826078,0,0,2.301859,1,0.0,moderate,clustered,工地道路-施工工地,自查自报
2024-12-03,saa_no_recourse,38661,0.05793735,0,1,0.510528,10,1.411558,moderate,clustered,工地道路-施工工地,自查自报
2024-12-03,saa_no_recourse,38660,0.05569992,0,0,0.510528,10,0.0,low,clustered,工地道路-施工工地,自查自报
2024-12-03,saa_no_recourse,38659,0.36584722,0,1,0.001365,10,0.001365,high,clustered,其他面源-固定餐饮,自查自报
2024-12-03,saa_no_recourse,38658,0.35973684,0,1,0.001365,10,0.001365,moderate,clustered,其他面源-固定餐饮,自查自报
2024-12-03,saa_no_recourse,38657,0.36807493,0,1,0.001474,10,0.001474,high,clustered,其他面源-固定餐饮,自查自报
2024-12-03,saa_no_recourse,38654,0.05712723,0,1,1.094978,10,1.411558,moderate,clustered,工地道路-施工工地,自查自报
2024-12-03,saa_no_recourse,38655,0.05706609,0,0,0.001365,11,0.0,low,clustered,工地道路-施工工地,自查自报
2024-12-03,saa_no_recourse,38656,0.36383283,0,1,0.00415,10,0.00415,high,clustered,其他面源-固定餐饮,自查自报
2024-12-03,saa_no_recourse,38652,0.36719668,0,1,0.00415,10,0.00415,high,clustered,其他面源-固定餐饮,自查自报
2024-12-03,saa_no_recourse,38653,0.05686945,0,0,0.001365,11,0.0,low,clustered,工地道路-施工工地,自查自报
2024-12-03,saa_no_recourse,38651,0.05972648,0,0,0.002992,11,0.0,moderate,clustered,工地道路-施工工地,自查自报
2024-12-03,saa_no_recourse,38650,0.06335417,0,1,0.14712,10,0.14712,moderate,clustered,工地道路-施工工地,自查自报
2024-12-03,saa_no_recourse,38649,0.36763739,0,1,0.075531,10,0.075531,high,clustered,其他面源-固定餐饮,自查自报
2024-12-03,saa_no_recourse,38648,0.06071845,0,0,0.157746,11,0.0,moderate,clustered,工地道路-施工工地,自查自报
2024-12-03,saa_no_recourse,38646,0.36529384,0,1,0.000868,10,0.000868,high,clustered,其他面源-固定餐饮,自查自报
2024-12-03,saa_no_recourse,38647,0.05559868,0,0,0.157746,11,0.0,low,clustered,工地道路-施工工地,自查自报
2024-12-03,saa_no_recourse,38645,0.36674645,0,1,0.001991,10,0.001991,high,clustered,其他面源-固定餐饮,自查自报
2024-12-03,saa_no_recourse,38644,0.36711492,0,1,0.000868,10,0.000868,high,clustered,其他面源-固定餐饮,自查自报
2024-12-03,saa_no_recourse,38643,0.36526226,0,1,0.003698,10,0.003698,high,clustered,其他面源-固定餐饮,自查自报
2024-12-03,saa_no_recourse,38642,0.36291339,0,1,0.01285,10,0.01285,moderate,clustered,其他面源-固定餐饮,自查自报
2024-12-03,saa_no_recourse,38641,0.36642116,0,1,0.016648,10,0.016648,high,clustered,其他面源-固定餐饮,自查自报
2024-12-03,saa_no_recourse,38640,0.36263543,0,1,0.01285,10,0.01285,moderate,clustered,其他面源-固定餐饮,自查自报
2024-12-03,saa_no_recourse,38633,0.39997702,0,1,11.738245,0,11.738245,high,isolated,其他面源-露天喷漆,专项调度
2024-12-03,saa_no_recourse,38639,0.05678949,0,0,0.010046,10,0.0,low,clustered,工地道路-施工工地,自查自报
2024-12-03,saa_no_recourse,38638,0.05814732,0,1,0.010046,10,1.28057,moderate,clustered,工地道路-施工工地,自查自报
2024-12-03,saa_no_recourse,38637,0.05749917,0,0,0.164646,11,0.0,moderate,clustered,工地道路-施工工地,自查自报
2024-12-03,saa_no_recourse,38636,0.05548775,0,0,0.205671,11,0.0,low,clustered,工地道路-施工工地,自查自报
2024-12-03,saa_no_recourse,38634,0.20162147,0,1,0.269764,1,0.269764,moderate,clustered,工业企业,自查自报
2024-12-03,saa_no_recourse,38635,0.05626503,0,0,0.164646,11,0.0,low,clustered,工地道路-施工工地,自查自报
2024-12-03,saa_no_recourse,38632,0.05760524,0,0,0.74961,11,0.0,moderate,clustered,工地道路-施工工地,自查自报
2024-12-03,saa_no_recourse,38631,0.06213286,0,0,0.231104,11,0.0,moderate,clustered,工地道路-施工工地,自查自报
2024-12-03,saa_no_recourse,38630,0.06151167,0,0,0.270173,11,0.0,moderate,clustered,工地道路-施工工地,自查自报
2024-12-03,saa_no_recourse,38628,0.05788889,0,0,0.231104,11,0.0,moderate,clustered,工地道路-施工工地,自查自报
2024-12-03,saa_no_recourse,38629,0.20362303,0,1,0.269764,1,0.269764,moderate,clustered,工业企业,自查自报
2024-12-03,two_stage_recourse,38667,0.05743321,0,0,11.461578,0,0.0,moderate,isolated,工地道路-施工工地,自查自报
2024-12-03,two_stage_recourse,38666,0.06130264,0,0,0.004966,10,0.0,moderate,clustered,工地道路-施工工地,自查自报
2024-12-03,two_stage_recourse,38665,0.05707662,0,0,0.004966,10,0.0,low,clustered,工地道路-施工工地,自查自报
2024-12-03,two_stage_recourse,38664,0.05487633,0,0,0.012191,10,0.0,low,clustered,工地道路-施工工地,自查自报
2024-12-03,two_stage_recourse,38663,0.05904493,0,0,2.301859,1,0.0,moderate,clustered,工地道路-施工工地,自查自报
2024-12-03,two_stage_recourse,38662,0.05826078,0,0,2.301859,1,0.0,moderate,clustered,工地道路-施工工地,自查自报
2024-12-03,two_stage_recourse,38661,0.05793735,0,1,0.510528,10,1.411558,moderate,clustered,工地道路-施工工地,自查自报
2024-12-03,two_stage_recourse,38660,0.05569992,0,0,0.510528,10,0.0,low,clustered,工地道路-施工工地,自查自报
2024-12-03,two_stage_recourse,38659,0.36584722,0,1,0.001365,10,0.001365,high,clustered,其他面源-固定餐饮,自查自报
2024-12-03,two_stage_recourse,38658,0.35973684,0,1,0.001365,10,0.001365,moderate,clustered,其他面源-固定餐饮,自查自报
2024-12-03,two_stage_recourse,38657,0.36807493,0,1,0.001474,10,0.001474,high,clustered,其他面源-固定餐饮,自查自报
2024-12-03,two_stage_recourse,38654,0.05712723,0,1,1.094978,10,1.411558,moderate,clustered,工地道路-施工工地,自查自报
2024-12-03,two_stage_recourse,38655,0.05706609,0,0,0.001365,11,0.0,low,clustered,工地道路-施工工地,自查自报
2024-12-03,two_stage_recourse,38656,0.36383283,0,1,0.00415,10,0.00415,high,clustered,其他面源-固定餐饮,自查自报
2024-12-03,two_stage_recourse,38652,0.36719668,0,1,0.00415,10,0.00415,high,clustered,其他面源-固定餐饮,自查自报
2024-12-03,two_stage_recourse,38653,0.05686945,0,0,0.001365,11,0.0,low,clustered,工地道路-施工工地,自查自报
2024-12-03,two_stage_recourse,38651,0.05972648,0,0,0.002992,11,0.0,moderate,clustered,工地道路-施工工地,自查自报
2024-12-03,two_stage_recourse,38650,0.06335417,0,1,0.14712,10,0.14712,moderate,clustered,工地道路-施工工地,自查自报
2024-12-03,two_stage_recourse,38649,0.36763739,0,1,0.075531,10,0.075531,high,clustered,其他面源-固定餐饮,自查自报
2024-12-03,two_stage_recourse,38648,0.06071845,0,0,0.157746,11,0.0,moderate,clustered,工地道路-施工工地,自查自报
2024-12-03,two_stage_recourse,38646,0.36529384,0,1,0.000868,10,0.000868,high,clustered,其他面源-固定餐饮,自查自报
2024-12-03,two_stage_recourse,38647,0.05559868,0,0,0.157746,11,0.0,low,clustered,工地道路-施工工地,自查自报
2024-12-03,two_stage_recourse,38645,0.36674645,0,1,0.001991,10,0.001991,high,clustered,其他面源-固定餐饮,自查自报
2024-12-03,two_stage_recourse,38644,0.36711492,0,1,0.000868,10,0.000868,high,clustered,其他面源-固定餐饮,自查自报
2024-12-03,two_stage_recourse,38643,0.36526226,0,1,0.003698,10,0.003698,high,clustered,其他面源-固定餐饮,自查自报
2024-12-03,two_stage_recourse,38642,0.36291339,0,1,0.01285,10,0.01285,moderate,clustered,其他面源-固定餐饮,自查自报
2024-12-03,two_stage_recourse,38641,0.36642116,0,1,0.016648,10,0.016648,high,clustered,其他面源-固定餐饮,自查自报
2024-12-03,two_stage_recourse,38640,0.36263543,0,1,0.01285,10,0.01285,moderate,clustered,其他面源-固定餐饮,自查自报
2024-12-03,two_stage_recourse,38633,0.39997702,0,1,11.738245,0,18.027753,high,isolated,其他面源-露天喷漆,专项调度
2024-12-03,two_stage_recourse,38639,0.05678949,0,0,0.010046,10,0.0,low,clustered,工地道路-施工工地,自查自报
2024-12-03,two_stage_recourse,38638,0.05814732,0,1,0.010046,10,1.28057,moderate,clustered,工地道路-施工工地,自查自报
2024-12-03,two_stage_recourse,38637,0.05749917,0,0,0.164646,11,0.0,moderate,clustered,工地道路-施工工地,自查自报
2024-12-03,two_stage_recourse,38636,0.05548775,0,0,0.205671,11,0.0,low,clustered,工地道路-施工工地,自查自报
2024-12-03,two_stage_recourse,38634,0.20162147,0,1,0.269764,1,0.269764,moderate,clustered,工业企业,自查自报
2024-12-03,two_stage_recourse,38635,0.05626503,0,0,0.164646,11,0.0,low,clustered,工地道路-施工工地,自查自报
2024-12-03,two_stage_recourse,38632,0.05760524,0,0,0.74961,11,0.0,moderate,clustered,工地道路-施工工地,自查自报
2024-12-03,two_stage_recourse,38631,0.06213286,0,0,0.231104,11,0.0,moderate,clustered,工地道路-施工工地,自查自报
2024-12-03,two_stage_recourse,38630,0.06151167,0,0,0.270173,11,0.0,moderate,clustered,工地道路-施工工地,自查自报
2024-12-03,two_stage_recourse,38628,0.05788889,0,0,0.231104,11,0.0,moderate,clustered,工地道路-施工工地,自查自报
2024-12-03,two_stage_recourse,38629,0.20362303,0,1,0.269764,1,0.269764,moderate,clustered,工业企业,自查自报
2024-12-03,dro_recourse,38667,0.05743321,0,0,11.461578,0,0.0,moderate,isolated,工地道路-施工工地,自查自报
2024-12-03,dro_recourse,38666,0.06130264,0,0,0.004966,10,0.0,moderate,clustered,工地道路-施工工地,自查自报
2024-12-03,dro_recourse,38665,0.05707662,0,0,0.004966,10,0.0,low,clustered,工地道路-施工工地,自查自报
2024-12-03,dro_recourse,38664,0.05487633,0,0,0.012191,10,0.0,low,clustered,工地道路-施工工地,自查自报
2024-12-03,dro_recourse,38663,0.05904493,0,0,2.301859,1,0.0,moderate,clustered,工地道路-施工工地,自查自报
2024-12-03,dro_recourse,38662,0.05826078,0,0,2.301859,1,0.0,moderate,clustered,工地道路-施工工地,自查自报
2024-12-03,dro_recourse,38661,0.05793735,0,1,0.510528,10,1.411558,moderate,clustered,工地道路-施工工地,自查自报
2024-12-03,dro_recourse,38660,0.05569992,0,0,0.510528,10,0.0,low,clustered,工地道路-施工工地,自查自报
2024-12-03,dro_recourse,38659,0.36584722,0,1,0.001365,10,0.001365,high,clustered,其他面源-固定餐饮,自查自报
2024-12-03,dro_recourse,38658,0.35973684,0,1,0.001365,10,0.001365,moderate,clustered,其他面源-固定餐饮,自查自报
2024-12-03,dro_recourse,38657,0.36807493,0,1,0.001474,10,0.001474,high,clustered,其他面源-固定餐饮,自查自报
2024-12-03,dro_recourse,38654,0.05712723,0,1,1.094978,10,1.411558,moderate,clustered,工地道路-施工工地,自查自报
2024-12-03,dro_recourse,38655,0.05706609,0,0,0.001365,11,0.0,low,clustered,工地道路-施工工地,自查自报
2024-12-03,dro_recourse,38656,0.36383283,0,1,0.00415,10,0.00415,high,clustered,其他面源-固定餐饮,自查自报
2024-12-03,dro_recourse,38652,0.36719668,0,1,0.00415,10,0.00415,high,clustered,其他面源-固定餐饮,自查自报
2024-12-03,dro_recourse,38653,0.05686945,0,0,0.001365,11,0.0,low,clustered,工地道路-施工工地,自查自报
2024-12-03,dro_recourse,38651,0.05972648,0,0,0.002992,11,0.0,moderate,clustered,工地道路-施工工地,自查自报
2024-12-03,dro_recourse,38650,0.06335417,0,1,0.14712,10,0.14712,moderate,clustered,工地道路-施工工地,自查自报
2024-12-03,dro_recourse,38649,0.36763739,0,1,0.075531,10,0.075531,high,clustered,其他面源-固定餐饮,自查自报
2024-12-03,dro_recourse,38648,0.06071845,0,0,0.157746,11,0.0,moderate,clustered,工地道路-施工工地,自查自报
2024-12-03,dro_recourse,38646,0.36529384,0,1,0.000868,10,0.000868,high,clustered,其他面源-固定餐饮,自查自报
2024-12-03,dro_recourse,38647,0.05559868,0,0,0.157746,11,0.0,low,clustered,工地道路-施工工地,自查自报
2024-12-03,dro_recourse,38645,0.36674645,0,1,0.001991,10,0.001991,high,clustered,其他面源-固定餐饮,自查自报
2024-12-03,dro_recourse,38644,0.36711492,0,1,0.000868,10,0.000868,high,clustered,其他面源-固定餐饮,自查自报
2024-12-03,dro_recourse,38643,0.36526226,0,1,0.003698,10,0.003698,high,clustered,其他面源-固定餐饮,自查自报
2024-12-03,dro_recourse,38642,0.36291339,0,1,0.01285,10,0.01285,moderate,clustered,其他面源-固定餐饮,自查自报
2024-12-03,dro_recourse,38641,0.36642116,0,1,0.016648,10,0.016648,high,clustered,其他面源-固定餐饮,自查自报
2024-12-03,dro_recourse,38640,0.36263543,0,1,0.01285,10,0.01285,moderate,clustered,其他面源-固定餐饮,自查自报
2024-12-03,dro_recourse,38633,0.39997702,0,1,11.738245,0,18.027753,high,isolated,其他面源-露天喷漆,专项调度
2024-12-03,dro_recourse,38639,0.05678949,0,1,0.010046,10,0.010046,low,clustered,工地道路-施工工地,自查自报
2024-12-03,dro_recourse,38638,0.05814732,0,1,0.010046,10,0.010046,moderate,clustered,工地道路-施工工地,自查自报
2024-12-03,dro_recourse,38637,0.05749917,0,0,0.164646,11,0.0,moderate,clustered,工地道路-施工工地,自查自报
2024-12-03,dro_recourse,38636,0.05548775,0,0,0.205671,11,0.0,low,clustered,工地道路-施工工地,自查自报
2024-12-03,dro_recourse,38634,0.20162147,0,1,0.269764,1,0.269764,moderate,clustered,工业企业,自查自报
2024-12-03,dro_recourse,38635,0.05626503,0,0,0.164646,11,0.0,low,clustered,工地道路-施工工地,自查自报
2024-12-03,dro_recourse,38632,0.05760524,0,0,0.74961,11,0.0,moderate,clustered,工地道路-施工工地,自查自报
2024-12-03,dro_recourse,38631,0.06213286,0,0,0.231104,11,0.0,moderate,clustered,工地道路-施工工地,自查自报
2024-12-03,dro_recourse,38630,0.06151167,0,0,0.270173,11,0.0,moderate,clustered,工地道路-施工工地,自查自报
2024-12-03,dro_recourse,38628,0.05788889,0,0,0.231104,11,0.0,moderate,clustered,工地道路-施工工地,自查自报
2024-12-03,dro_recourse,38629,0.20362303,0,1,0.269764,1,0.269764,moderate,clustered,工业企业,自查自报
2024-12-04,risk_first,38772,0.4026777,1,1,1.998177,2,1.998177,high,clustered,其他面源-露天焚烧,自查自报
2024-12-04,risk_first,38771,0.40315866,1,1,0.966878,2,0.966878,high,clustered,其他面源-露天焚烧,自查自报
2024-12-04,risk_first,38770,0.36235036,0,1,0.027967,10,0.027967,moderate,clustered,其他面源-固定餐饮,自查自报
2024-12-04,risk_first,38769,0.36370999,0,1,0.027967,10,0.027967,moderate,clustered,其他面源-固定餐饮,自查自报
2024-12-04,risk_first,38768,0.36481755,0,1,0.004053,10,0.004053,high,clustered,其他面源-固定餐饮,自查自报
2024-12-04,risk_first,38767,0.3701101,0,1,0.004053,10,0.004053,high,clustered,其他面源-固定餐饮,自查自报
2024-12-04,risk_first,38766,0.36536851,0,1,0.004142,10,0.004142,high,clustered,其他面源-固定餐饮,自查自报
2024-12-04,risk_first,38765,0.36636632,0,1,0.007161,10,0.007161,high,clustered,其他面源-固定餐饮,自查自报
2024-12-04,risk_first,38764,0.36464547,0,1,0.004375,10,0.004375,moderate,clustered,其他面源-固定餐饮,自查自报
2024-12-04,risk_first,38763,0.36620468,1,1,0.004375,10,0.004375,high,clustered,其他面源-固定餐饮,自查自报
2024-12-04,risk_first,38762,0.36471411,1,1,0.004507,10,0.004507,high,clustered,其他面源-固定餐饮,自查自报
2024-12-04,risk_first,38761,0.36640657,0,1,0.004507,10,0.004507,high,clustered,其他面源-固定餐饮,自查自报
2024-12-04,risk_first,38760,0.40320393,1,1,0.966878,2,0.966878,high,clustered,其他面源-露天焚烧,自查自报
2024-12-04,risk_first,38759,0.36717433,0,1,0.018448,10,0.018448,high,clustered,其他面源-固定餐饮,自查自报
2024-12-04,risk_first,38758,0.05571414,0,0,0.232954,10,0.0,low,clustered,工地道路-施工工地,自查自报
2024-12-04,risk_first,38757,0.05495347,0,0,0.355307,10,0.0,low,clustered,工地道路-施工工地,自查自报
2024-12-04,risk_first,38756,0.05733027,0,0,0.355307,10,0.0,moderate,clustered,工地道路-施工工地,自查自报
2024-12-04,risk_first,38755,0.06172456,0,0,0.094628,11,0.0,moderate,clustered,工地道路-施工工地,自查自报
2024-12-04,risk_first,38754,0.05911503,0,0,0.094628,11,0.0,moderate,clustered,工地道路-施工工地,自查自报
2024-12-04,risk_first,38753,0.05762285,0,0,0.063198,10,0.0,moderate,clustered,工地道路-施工工地,自查自报
2024-12-04,risk_first,38752,0.05471655,0,0,0.063198,10,0.0,low,clustered,工地道路-施工工地,自查自报
2024-12-04,risk_first,38751,0.05686945,0,0,0.398024,6,0.0,moderate,clustered,工地道路-施工工地,自查自报
2024-12-04,risk_first,38750,0.05563521,0,0,0.398024,7,0.0,low,clustered,工地道路-施工工地,自查自报
2024-12-04,risk_first,38749,0.06240261,0,0,0.122103,6,0.0,moderate,clustered,工地道路-施工工地,自查自报
2024-12-04,risk_first,38748,0.06110962,0,0,0.122103,6,0.0,moderate,clustered,工地道路-施工工地,自查自报
2024-12-04,risk_first,38747,0.20232773,0,1,0.251788,2,0.251788,moderate,clustered,工业企业,自查自报
2024-12-04,risk_first,38746,0.05597122,0,0,0.0,11,0.0,low,clustered,工地道路-施工工地,自查自报
2024-12-04,risk_first,38745,0.05971098,0,0,0.0,11,0.0,moderate,clustered,工地道路-施工工地,自查自报
2024-12-04,risk_first,38744,0.05706219,0,0,0.545616,10,0.0,moderate,clustered,工地道路-施工工地,自查自报
2024-12-04,risk_first,38743,0.06111979,0,0,0.404984,10,0.0,moderate,clustered,工地道路-施工工地,自查自报
2024-12-04,risk_first,38742,0.05538347,0,0,0.013791,7,0.0,low,clustered,工地道路-施工工地,自查自报
2024-12-04,risk_first,38740,0.05532306,0,0,0.306971,10,0.0,low,clustered,工地道路-施工工地,自查自报
2024-12-04,risk_first,38741,0.05699134,0,0,0.013791,7,0.0,moderate,clustered,工地道路-施工工地,自查自报
2024-12-04,risk_first,38739,0.05449107,0,0,0.149038,8,0.0,low,clustered,工地道路-施工工地,自查自报
2024-12-04,risk_first,38738,0.0597631,0,0,0.306971,10,0.0,moderate,clustered,工地道路-施工工地,自查自报
2024-12-04,risk_first,38737,0.05802234,0,0,1.01777,7,0.0,moderate,clustered,工地道路-施工工地,自查自报
2024-12-04,risk_first,38736,0.20144464,0,1,0.251788,2,0.251788,moderate,clustered,工业企业,自查自报
2024-12-04,risk_first,38735,0.05520738,1,0,1.148896,11,0.0,low,clustered,工地道路-施工工地,自查自报
2024-12-04,risk_first,38734,0.05925057,0,0,1.653599,7,0.0,moderate,clustered,工地道路-施工工地,自查自报
2024-12-04,risk_first,38733,0.19826213,1,1,1.364673,4,1.364673,moderate,clustered,工业企业,自查自报
2024-12-04,deterministic_sir,38772,0.4026777,1,1,1.998177,2,1.998177,high,clustered,其他面源-露天焚烧,自查自报
2024-12-04,deterministic_sir,38771,0.40315866,1,1,0.966878,2,0.966878,high,clustered,其他面源-露天焚烧,自查自报
2024-12-04,deterministic_sir,38770,0.36235036,0,1,0.027967,10,0.027967,moderate,clustered,其他面源-固定餐饮,自查自报
2024-12-04,deterministic_sir,38769,0.36370999,0,1,0.027967,10,0.027967,moderate,clustered,其他面源-固定餐饮,自查自报
2024-12-04,deterministic_sir,38768,0.36481755,0,1,0.004053,10,0.004053,high,clustered,其他面源-固定餐饮,自查自报
2024-12-04,deterministic_sir,38767,0.3701101,0,1,0.004053,10,0.004053,high,clustered,其他面源-固定餐饮,自查自报
2024-12-04,deterministic_sir,38766,0.36536851,0,1,0.004142,10,0.004142,high,clustered,其他面源-固定餐饮,自查自报
2024-12-04,deterministic_sir,38765,0.36636632,0,1,0.007161,10,0.007161,high,clustered,其他面源-固定餐饮,自查自报
2024-12-04,deterministic_sir,38764,0.36464547,0,1,0.004375,10,0.004375,moderate,clustered,其他面源-固定餐饮,自查自报
2024-12-04,deterministic_sir,38763,0.36620468,1,1,0.004375,10,0.004375,high,clustered,其他面源-固定餐饮,自查自报
2024-12-04,deterministic_sir,38762,0.36471411,1,1,0.004507,10,0.004507,high,clustered,其他面源-固定餐饮,自查自报
2024-12-04,deterministic_sir,38761,0.36640657,0,1,0.004507,10,0.004507,high,clustered,其他面源-固定餐饮,自查自报
2024-12-04,deterministic_sir,38760,0.40320393,1,1,0.966878,2,0.966878,high,clustered,其他面源-露天焚烧,自查自报
2024-12-04,deterministic_sir,38759,0.36717433,0,1,0.018448,10,0.018448,high,clustered,其他面源-固定餐饮,自查自报
2024-12-04,deterministic_sir,38758,0.05571414,0,0,0.232954,10,0.0,low,clustered,工地道路-施工工地,自查自报
2024-12-04,deterministic_sir,38757,0.05495347,0,0,0.355307,10,0.0,low,clustered,工地道路-施工工地,自查自报
2024-12-04,deterministic_sir,38756,0.05733027,0,0,0.355307,10,0.0,moderate,clustered,工地道路-施工工地,自查自报
2024-12-04,deterministic_sir,38755,0.06172456,0,0,0.094628,11,0.0,moderate,clustered,工地道路-施工工地,自查自报
2024-12-04,deterministic_sir,38754,0.05911503,0,1,0.094628,11,4.403861,moderate,clustered,工地道路-施工工地,自查自报
2024-12-04,deterministic_sir,38753,0.05762285,0,0,0.063198,10,0.0,moderate,clustered,工地道路-施工工地,自查自报
2024-12-04,deterministic_sir,38752,0.05471655,0,0,0.063198,10,0.0,low,clustered,工地道路-施工工地,自查自报
2024-12-04,deterministic_sir,38751,0.05686945,0,0,0.398024,6,0.0,moderate,clustered,工地道路-施工工地,自查自报
2024-12-04,deterministic_sir,38750,0.05563521,0,0,0.398024,7,0.0,low,clustered,工地道路-施工工地,自查自报
2024-12-04,deterministic_sir,38749,0.06240261,0,0,0.122103,6,0.0,moderate,clustered,工地道路-施工工地,自查自报
2024-12-04,deterministic_sir,38748,0.06110962,0,0,0.122103,6,0.0,moderate,clustered,工地道路-施工工地,自查自报
2024-12-04,deterministic_sir,38747,0.20232773,0,1,0.251788,2,0.251788,moderate,clustered,工业企业,自查自报
2024-12-04,deterministic_sir,38746,0.05597122,0,0,0.0,11,0.0,low,clustered,工地道路-施工工地,自查自报
2024-12-04,deterministic_sir,38745,0.05971098,0,0,0.0,11,0.0,moderate,clustered,工地道路-施工工地,自查自报
2024-12-04,deterministic_sir,38744,0.05706219,0,0,0.545616,10,0.0,moderate,clustered,工地道路-施工工地,自查自报
2024-12-04,deterministic_sir,38743,0.06111979,0,0,0.404984,10,0.0,moderate,clustered,工地道路-施工工地,自查自报
2024-12-04,deterministic_sir,38742,0.05538347,0,0,0.013791,7,0.0,low,clustered,工地道路-施工工地,自查自报
2024-12-04,deterministic_sir,38740,0.05532306,0,0,0.306971,10,0.0,low,clustered,工地道路-施工工地,自查自报
2024-12-04,deterministic_sir,38741,0.05699134,0,0,0.013791,7,0.0,moderate,clustered,工地道路-施工工地,自查自报
2024-12-04,deterministic_sir,38739,0.05449107,0,0,0.149038,8,0.0,low,clustered,工地道路-施工工地,自查自报
2024-12-04,deterministic_sir,38738,0.0597631,0,0,0.306971,10,0.0,moderate,clustered,工地道路-施工工地,自查自报
2024-12-04,deterministic_sir,38737,0.05802234,0,0,1.01777,7,0.0,moderate,clustered,工地道路-施工工地,自查自报
2024-12-04,deterministic_sir,38736,0.20144464,0,1,0.251788,2,0.251788,moderate,clustered,工业企业,自查自报
2024-12-04,deterministic_sir,38735,0.05520738,1,0,1.148896,11,0.0,low,clustered,工地道路-施工工地,自查自报
2024-12-04,deterministic_sir,38734,0.05925057,0,0,1.653599,7,0.0,moderate,clustered,工地道路-施工工地,自查自报
2024-12-04,deterministic_sir,38733,0.19826213,1,1,1.364673,4,1.364673,moderate,clustered,工业企业,自查自报
2024-12-04,saa_no_recourse,38772,0.4026777,1,1,1.998177,2,1.998177,high,clustered,其他面源-露天焚烧,自查自报
2024-12-04,saa_no_recourse,38771,0.40315866,1,1,0.966878,2,0.966878,high,clustered,其他面源-露天焚烧,自查自报
2024-12-04,saa_no_recourse,38770,0.36235036,0,1,0.027967,10,0.027967,moderate,clustered,其他面源-固定餐饮,自查自报
2024-12-04,saa_no_recourse,38769,0.36370999,0,1,0.027967,10,0.027967,moderate,clustered,其他面源-固定餐饮,自查自报
2024-12-04,saa_no_recourse,38768,0.36481755,0,1,0.004053,10,0.004053,high,clustered,其他面源-固定餐饮,自查自报
2024-12-04,saa_no_recourse,38767,0.3701101,0,1,0.004053,10,0.004053,high,clustered,其他面源-固定餐饮,自查自报
2024-12-04,saa_no_recourse,38766,0.36536851,0,1,0.004142,10,0.004142,high,clustered,其他面源-固定餐饮,自查自报
2024-12-04,saa_no_recourse,38765,0.36636632,0,1,0.007161,10,0.007161,high,clustered,其他面源-固定餐饮,自查自报
2024-12-04,saa_no_recourse,38764,0.36464547,0,1,0.004375,10,0.004375,moderate,clustered,其他面源-固定餐饮,自查自报
2024-12-04,saa_no_recourse,38763,0.36620468,1,1,0.004375,10,0.004375,high,clustered,其他面源-固定餐饮,自查自报
2024-12-04,saa_no_recourse,38762,0.36471411,1,1,0.004507,10,0.004507,high,clustered,其他面源-固定餐饮,自查自报
2024-12-04,saa_no_recourse,38761,0.36640657,0,1,0.004507,10,0.004507,high,clustered,其他面源-固定餐饮,自查自报
2024-12-04,saa_no_recourse,38760,0.40320393,1,1,0.966878,2,0.966878,high,clustered,其他面源-露天焚烧,自查自报
2024-12-04,saa_no_recourse,38759,0.36717433,0,1,0.018448,10,0.018448,high,clustered,其他面源-固定餐饮,自查自报
2024-12-04,saa_no_recourse,38758,0.05571414,0,0,0.232954,10,0.0,low,clustered,工地道路-施工工地,自查自报
2024-12-04,saa_no_recourse,38757,0.05495347,0,0,0.355307,10,0.0,low,clustered,工地道路-施工工地,自查自报
2024-12-04,saa_no_recourse,38756,0.05733027,0,0,0.355307,10,0.0,moderate,clustered,工地道路-施工工地,自查自报
2024-12-04,saa_no_recourse,38755,0.06172456,0,1,0.094628,11,4.444653,moderate,clustered,工地道路-施工工地,自查自报
2024-12-04,saa_no_recourse,38754,0.05911503,0,0,0.094628,11,0.0,moderate,clustered,工地道路-施工工地,自查自报
2024-12-04,saa_no_recourse,38753,0.05762285,0,0,0.063198,10,0.0,moderate,clustered,工地道路-施工工地,自查自报
2024-12-04,saa_no_recourse,38752,0.05471655,0,0,0.063198,10,0.0,low,clustered,工地道路-施工工地,自查自报
2024-12-04,saa_no_recourse,38751,0.05686945,0,0,0.398024,6,0.0,moderate,clustered,工地道路-施工工地,自查自报
2024-12-04,saa_no_recourse,38750,0.05563521,0,0,0.398024,7,0.0,low,clustered,工地道路-施工工地,自查自报
2024-12-04,saa_no_recourse,38749,0.06240261,0,0,0.122103,6,0.0,moderate,clustered,工地道路-施工工地,自查自报
2024-12-04,saa_no_recourse,38748,0.06110962,0,0,0.122103,6,0.0,moderate,clustered,工地道路-施工工地,自查自报
2024-12-04,saa_no_recourse,38747,0.20232773,0,1,0.251788,2,0.251788,moderate,clustered,工业企业,自查自报
2024-12-04,saa_no_recourse,38746,0.05597122,0,0,0.0,11,0.0,low,clustered,工地道路-施工工地,自查自报
2024-12-04,saa_no_recourse,38745,0.05971098,0,0,0.0,11,0.0,moderate,clustered,工地道路-施工工地,自查自报
2024-12-04,saa_no_recourse,38744,0.05706219,0,0,0.545616,10,0.0,moderate,clustered,工地道路-施工工地,自查自报
2024-12-04,saa_no_recourse,38743,0.06111979,0,0,0.404984,10,0.0,moderate,clustered,工地道路-施工工地,自查自报
2024-12-04,saa_no_recourse,38742,0.05538347,0,0,0.013791,7,0.0,low,clustered,工地道路-施工工地,自查自报
2024-12-04,saa_no_recourse,38740,0.05532306,0,0,0.306971,10,0.0,low,clustered,工地道路-施工工地,自查自报
2024-12-04,saa_no_recourse,38741,0.05699134,0,0,0.013791,7,0.0,moderate,clustered,工地道路-施工工地,自查自报
2024-12-04,saa_no_recourse,38739,0.05449107,0,0,0.149038,8,0.0,low,clustered,工地道路-施工工地,自查自报
2024-12-04,saa_no_recourse,38738,0.0597631,0,0,0.306971,10,0.0,moderate,clustered,工地道路-施工工地,自查自报
2024-12-04,saa_no_recourse,38737,0.05802234,0,0,1.01777,7,0.0,moderate,clustered,工地道路-施工工地,自查自报
2024-12-04,saa_no_recourse,38736,0.20144464,0,1,0.251788,2,0.251788,moderate,clustered,工业企业,自查自报
2024-12-04,saa_no_recourse,38735,0.05520738,1,0,1.148896,11,0.0,low,clustered,工地道路-施工工地,自查自报
2024-12-04,saa_no_recourse,38734,0.05925057,0,0,1.653599,7,0.0,moderate,clustered,工地道路-施工工地,自查自报
2024-12-04,saa_no_recourse,38733,0.19826213,1,1,1.364673,4,1.364673,moderate,clustered,工业企业,自查自报
2024-12-04,two_stage_recourse,38772,0.4026777,1,1,1.998177,2,1.998177,high,clustered,其他面源-露天焚烧,自查自报
2024-12-04,two_stage_recourse,38771,0.40315866,1,1,0.966878,2,0.966878,high,clustered,其他面源-露天焚烧,自查自报
2024-12-04,two_stage_recourse,38770,0.36235036,0,1,0.027967,10,0.027967,moderate,clustered,其他面源-固定餐饮,自查自报
2024-12-04,two_stage_recourse,38769,0.36370999,0,1,0.027967,10,0.027967,moderate,clustered,其他面源-固定餐饮,自查自报
2024-12-04,two_stage_recourse,38768,0.36481755,0,1,0.004053,10,0.004053,high,clustered,其他面源-固定餐饮,自查自报
2024-12-04,two_stage_recourse,38767,0.3701101,0,1,0.004053,10,0.004053,high,clustered,其他面源-固定餐饮,自查自报
2024-12-04,two_stage_recourse,38766,0.36536851,0,1,0.004142,10,0.004142,high,clustered,其他面源-固定餐饮,自查自报
2024-12-04,two_stage_recourse,38765,0.36636632,0,1,0.007161,10,0.007161,high,clustered,其他面源-固定餐饮,自查自报
2024-12-04,two_stage_recourse,38764,0.36464547,0,1,0.004375,10,0.004375,moderate,clustered,其他面源-固定餐饮,自查自报
2024-12-04,two_stage_recourse,38763,0.36620468,1,1,0.004375,10,0.004375,high,clustered,其他面源-固定餐饮,自查自报
2024-12-04,two_stage_recourse,38762,0.36471411,1,1,0.004507,10,0.004507,high,clustered,其他面源-固定餐饮,自查自报
2024-12-04,two_stage_recourse,38761,0.36640657,0,1,0.004507,10,0.004507,high,clustered,其他面源-固定餐饮,自查自报
2024-12-04,two_stage_recourse,38760,0.40320393,1,1,0.966878,2,0.966878,high,clustered,其他面源-露天焚烧,自查自报
2024-12-04,two_stage_recourse,38759,0.36717433,0,1,0.018448,10,0.018448,high,clustered,其他面源-固定餐饮,自查自报
2024-12-04,two_stage_recourse,38758,0.05571414,0,0,0.232954,10,0.0,low,clustered,工地道路-施工工地,自查自报
2024-12-04,two_stage_recourse,38757,0.05495347,0,0,0.355307,10,0.0,low,clustered,工地道路-施工工地,自查自报
2024-12-04,two_stage_recourse,38756,0.05733027,0,0,0.355307,10,0.0,moderate,clustered,工地道路-施工工地,自查自报
2024-12-04,two_stage_recourse,38755,0.06172456,0,1,0.094628,11,4.444653,moderate,clustered,工地道路-施工工地,自查自报
2024-12-04,two_stage_recourse,38754,0.05911503,0,0,0.094628,11,0.0,moderate,clustered,工地道路-施工工地,自查自报
2024-12-04,two_stage_recourse,38753,0.05762285,0,0,0.063198,10,0.0,moderate,clustered,工地道路-施工工地,自查自报
2024-12-04,two_stage_recourse,38752,0.05471655,0,0,0.063198,10,0.0,low,clustered,工地道路-施工工地,自查自报
2024-12-04,two_stage_recourse,38751,0.05686945,0,0,0.398024,6,0.0,moderate,clustered,工地道路-施工工地,自查自报
2024-12-04,two_stage_recourse,38750,0.05563521,0,0,0.398024,7,0.0,low,clustered,工地道路-施工工地,自查自报
2024-12-04,two_stage_recourse,38749,0.06240261,0,0,0.122103,6,0.0,moderate,clustered,工地道路-施工工地,自查自报
2024-12-04,two_stage_recourse,38748,0.06110962,0,0,0.122103,6,0.0,moderate,clustered,工地道路-施工工地,自查自报
2024-12-04,two_stage_recourse,38747,0.20232773,0,1,0.251788,2,0.251788,moderate,clustered,工业企业,自查自报
2024-12-04,two_stage_recourse,38746,0.05597122,0,0,0.0,11,0.0,low,clustered,工地道路-施工工地,自查自报
2024-12-04,two_stage_recourse,38745,0.05971098,0,0,0.0,11,0.0,moderate,clustered,工地道路-施工工地,自查自报
2024-12-04,two_stage_recourse,38744,0.05706219,0,0,0.545616,10,0.0,moderate,clustered,工地道路-施工工地,自查自报
2024-12-04,two_stage_recourse,38743,0.06111979,0,0,0.404984,10,0.0,moderate,clustered,工地道路-施工工地,自查自报
2024-12-04,two_stage_recourse,38742,0.05538347,0,0,0.013791,7,0.0,low,clustered,工地道路-施工工地,自查自报
2024-12-04,two_stage_recourse,38740,0.05532306,0,0,0.306971,10,0.0,low,clustered,工地道路-施工工地,自查自报
2024-12-04,two_stage_recourse,38741,0.05699134,0,0,0.013791,7,0.0,moderate,clustered,工地道路-施工工地,自查自报
2024-12-04,two_stage_recourse,38739,0.05449107,0,0,0.149038,8,0.0,low,clustered,工地道路-施工工地,自查自报
2024-12-04,two_stage_recourse,38738,0.0597631,0,0,0.306971,10,0.0,moderate,clustered,工地道路-施工工地,自查自报
2024-12-04,two_stage_recourse,38737,0.05802234,0,0,1.01777,7,0.0,moderate,clustered,工地道路-施工工地,自查自报
2024-12-04,two_stage_recourse,38736,0.20144464,0,1,0.251788,2,0.251788,moderate,clustered,工业企业,自查自报
2024-12-04,two_stage_recourse,38735,0.05520738,1,0,1.148896,11,0.0,low,clustered,工地道路-施工工地,自查自报
2024-12-04,two_stage_recourse,38734,0.05925057,0,0,1.653599,7,0.0,moderate,clustered,工地道路-施工工地,自查自报
2024-12-04,two_stage_recourse,38733,0.19826213,1,1,1.364673,4,1.364673,moderate,clustered,工业企业,自查自报
2024-12-04,dro_recourse,38772,0.4026777,1,1,1.998177,2,1.998177,high,clustered,其他面源-露天焚烧,自查自报
2024-12-04,dro_recourse,38771,0.40315866,1,1,0.966878,2,0.966878,high,clustered,其他面源-露天焚烧,自查自报
2024-12-04,dro_recourse,38770,0.36235036,0,1,0.027967,10,0.027967,moderate,clustered,其他面源-固定餐饮,自查自报
2024-12-04,dro_recourse,38769,0.36370999,0,1,0.027967,10,0.027967,moderate,clustered,其他面源-固定餐饮,自查自报
2024-12-04,dro_recourse,38768,0.36481755,0,1,0.004053,10,0.004053,high,clustered,其他面源-固定餐饮,自查自报
2024-12-04,dro_recourse,38767,0.3701101,0,1,0.004053,10,0.004053,high,clustered,其他面源-固定餐饮,自查自报
2024-12-04,dro_recourse,38766,0.36536851,0,1,0.004142,10,0.004142,high,clustered,其他面源-固定餐饮,自查自报
2024-12-04,dro_recourse,38765,0.36636632,0,1,0.007161,10,0.007161,high,clustered,其他面源-固定餐饮,自查自报
2024-12-04,dro_recourse,38764,0.36464547,0,1,0.004375,10,0.004375,moderate,clustered,其他面源-固定餐饮,自查自报
2024-12-04,dro_recourse,38763,0.36620468,1,1,0.004375,10,0.004375,high,clustered,其他面源-固定餐饮,自查自报
2024-12-04,dro_recourse,38762,0.36471411,1,1,0.004507,10,0.004507,high,clustered,其他面源-固定餐饮,自查自报
2024-12-04,dro_recourse,38761,0.36640657,0,1,0.004507,10,0.004507,high,clustered,其他面源-固定餐饮,自查自报
2024-12-04,dro_recourse,38760,0.40320393,1,1,0.966878,2,0.966878,high,clustered,其他面源-露天焚烧,自查自报
2024-12-04,dro_recourse,38759,0.36717433,0,1,0.018448,10,0.018448,high,clustered,其他面源-固定餐饮,自查自报
2024-12-04,dro_recourse,38758,0.05571414,0,0,0.232954,10,0.0,low,clustered,工地道路-施工工地,自查自报
2024-12-04,dro_recourse,38757,0.05495347,0,0,0.355307,10,0.0,low,clustered,工地道路-施工工地,自查自报
2024-12-04,dro_recourse,38756,0.05733027,0,0,0.355307,10,0.0,moderate,clustered,工地道路-施工工地,自查自报
2024-12-04,dro_recourse,38755,0.06172456,0,1,0.094628,11,4.444653,moderate,clustered,工地道路-施工工地,自查自报
2024-12-04,dro_recourse,38754,0.05911503,0,0,0.094628,11,0.0,moderate,clustered,工地道路-施工工地,自查自报
2024-12-04,dro_recourse,38753,0.05762285,0,0,0.063198,10,0.0,moderate,clustered,工地道路-施工工地,自查自报
2024-12-04,dro_recourse,38752,0.05471655,0,0,0.063198,10,0.0,low,clustered,工地道路-施工工地,自查自报
2024-12-04,dro_recourse,38751,0.05686945,0,0,0.398024,6,0.0,moderate,clustered,工地道路-施工工地,自查自报
2024-12-04,dro_recourse,38750,0.05563521,0,0,0.398024,7,0.0,low,clustered,工地道路-施工工地,自查自报
2024-12-04,dro_recourse,38749,0.06240261,0,0,0.122103,6,0.0,moderate,clustered,工地道路-施工工地,自查自报
2024-12-04,dro_recourse,38748,0.06110962,0,0,0.122103,6,0.0,moderate,clustered,工地道路-施工工地,自查自报
2024-12-04,dro_recourse,38747,0.20232773,0,1,0.251788,2,0.251788,moderate,clustered,工业企业,自查自报
2024-12-04,dro_recourse,38746,0.05597122,0,0,0.0,11,0.0,low,clustered,工地道路-施工工地,自查自报
2024-12-04,dro_recourse,38745,0.05971098,0,0,0.0,11,0.0,moderate,clustered,工地道路-施工工地,自查自报
2024-12-04,dro_recourse,38744,0.05706219,0,0,0.545616,10,0.0,moderate,clustered,工地道路-施工工地,自查自报
2024-12-04,dro_recourse,38743,0.06111979,0,0,0.404984,10,0.0,moderate,clustered,工地道路-施工工地,自查自报
2024-12-04,dro_recourse,38742,0.05538347,0,0,0.013791,7,0.0,low,clustered,工地道路-施工工地,自查自报
2024-12-04,dro_recourse,38740,0.05532306,0,0,0.306971,10,0.0,low,clustered,工地道路-施工工地,自查自报
2024-12-04,dro_recourse,38741,0.05699134,0,0,0.013791,7,0.0,moderate,clustered,工地道路-施工工地,自查自报
2024-12-04,dro_recourse,38739,0.05449107,0,0,0.149038,8,0.0,low,clustered,工地道路-施工工地,自查自报
2024-12-04,dro_recourse,38738,0.0597631,0,0,0.306971,10,0.0,moderate,clustered,工地道路-施工工地,自查自报
2024-12-04,dro_recourse,38737,0.05802234,0,0,1.01777,7,0.0,moderate,clustered,工地道路-施工工地,自查自报
2024-12-04,dro_recourse,38736,0.20144464,0,1,0.251788,2,0.251788,moderate,clustered,工业企业,自查自报
2024-12-04,dro_recourse,38735,0.05520738,1,0,1.148896,11,0.0,low,clustered,工地道路-施工工地,自查自报
2024-12-04,dro_recourse,38734,0.05925057,0,0,1.653599,7,0.0,moderate,clustered,工地道路-施工工地,自查自报
2024-12-04,dro_recourse,38733,0.19826213,1,1,1.364673,4,1.364673,moderate,clustered,工业企业,自查自报
2024-12-05,risk_first,38880,0.21348119,0,1,0.262537,6,0.262537,high,clustered,工业企业,自查自报
2024-12-05,risk_first,38879,0.0568804,0,0,0.136729,11,0.0,low,clustered,工地道路-施工工地,自查自报
2024-12-05,risk_first,38878,0.05628809,0,0,0.136729,11,0.0,low,clustered,工地道路-施工工地,自查自报
2024-12-05,risk_first,38877,0.21304955,1,1,0.367189,5,0.367871,high,clustered,工业企业,自查自报
2024-12-05,risk_first,38876,0.19438841,0,0,0.172019,6,0.0,moderate,clustered,工业企业,自查自报
2024-12-05,risk_first,38875,0.05972283,0,0,0.174823,11,0.0,low,clustered,工地道路-施工工地,自查自报
2024-12-05,risk_first,38874,0.05836989,0,0,0.440482,11,0.0,low,clustered,工地道路-施工工地,自查自报
2024-12-05,risk_first,38873,0.20918786,0,1,0.015729,6,0.015729,high,clustered,工业企业,自查自报
2024-12-05,risk_first,38871,0.20917767,0,1,0.015729,6,0.015729,high,clustered,工业企业,自查自报
2024-12-05,risk_first,38872,0.05518563,0,0,1.074087,11,0.0,low,clustered,工地道路-施工工地,自查自报
2024-12-05,risk_first,38870,0.21035791,0,1,0.005005,5,0.005005,high,clustered,工业企业,自查自报
2024-12-05,risk_first,38869,0.22297414,0,1,0.005005,5,0.005005,high,clustered,工业企业,自查自报
2024-12-05,risk_first,38868,0.19623394,0,0,0.005702,5,0.0,moderate,clustered,工业企业,自查自报
2024-12-05,risk_first,38867,0.2088001,0,1,0.085474,5,0.085474,high,clustered,工业企业,自查自报
2024-12-05,risk_first,38866,0.20908733,0,1,0.104723,5,0.104723,high,clustered,工业企业,自查自报
2024-12-05,risk_first,38865,0.06009949,0,0,0.198721,11,0.0,moderate,clustered,工地道路-施工工地,自查自报
2024-12-05,risk_first,38864,0.0563216,0,0,0.198721,11,0.0,low,clustered,工地道路-施工工地,自查自报
2024-12-05,risk_first,38863,0.05785948,0,0,0.008348,11,0.0,low,clustered,工地道路-施工工地,自查自报
2024-12-05,risk_first,38862,0.05559557,0,0,0.008348,11,0.0,low,clustered,工地道路-施工工地,自查自报
2024-12-05,risk_first,38860,0.0609433,0,0,0.188276,11,0.0,moderate,clustered,工地道路-施工工地,自查自报
2024-12-05,risk_first,38861,0.06080008,0,0,0.188276,11,0.0,moderate,clustered,工地道路-施工工地,自查自报
2024-12-05,risk_first,38859,0.05914766,0,0,0.537324,11,0.0,low,clustered,工地道路-施工工地,自查自报
2024-12-05,risk_first,38858,0.20860204,0,0,0.426771,6,0.0,moderate,clustered,工业企业,自查自报
2024-12-05,risk_first,38857,0.18228161,0,0,0.420705,5,0.0,moderate,clustered,工业企业,自查自报
2024-12-05,risk_first,38856,0.21040766,0,1,0.239258,6,0.239258,high,clustered,工业企业,自查自报
2024-12-05,risk_first,38855,0.20144431,0,0,0.00348,5,0.0,moderate,clustered,工业企业,自查自报
2024-12-05,risk_first,38854,0.20664883,0,0,0.00348,5,0.0,moderate,clustered,工业企业,自查自报
2024-12-05,risk_first,38853,0.20458639,0,0,0.16428,5,0.0,moderate,clustered,工业企业,自查自报
2024-12-05,risk_first,38852,0.20880255,1,1,0.239258,6,0.239258,high,clustered,工业企业,自查自报
2024-12-05,risk_first,38851,0.20726927,0,0,0.441384,5,0.0,moderate,clustered,工业企业,自查自报
2024-12-05,risk_first,38850,0.210793,0,1,0.441384,5,10.796346,high,clustered,工业企业,自查自报
2024-12-05,risk_first,45986,0.06970888,0,0,0.0,1,0.0,moderate,clustered,,监测报警
2024-12-05,risk_first,45985,0.0696422,0,0,0.0,1,0.0,moderate,clustered,,监测报警
2024-12-05,risk_first,45983,0.07047888,0,0,0.0,1,0.0,moderate,clustered,,监测报警
2024-12-05,risk_first,45984,0.07197887,0,0,4.955944,1,0.0,moderate,clustered,,监测报警
2024-12-05,risk_first,45981,0.07077899,0,0,0.0,1,0.0,moderate,clustered,,监测报警
2024-12-05,risk_first,45982,0.06913261,0,0,4.955944,1,0.0,moderate,clustered,,监测报警
2024-12-05,risk_first,45980,0.0707738,0,0,0.0,1,0.0,moderate,clustered,,监测报警
2024-12-05,risk_first,45979,0.07139605,0,0,5.831575,0,0.0,moderate,isolated,,监测报警
2024-12-05,risk_first,45978,0.07047888,0,0,0.0,1,0.0,moderate,clustered,,监测报警
2024-12-05,deterministic_sir,38880,0.21348119,0,1,0.262537,6,0.262537,high,clustered,工业企业,自查自报
2024-12-05,deterministic_sir,38879,0.0568804,0,0,0.136729,11,0.0,low,clustered,工地道路-施工工地,自查自报
2024-12-05,deterministic_sir,38878,0.05628809,0,0,0.136729,11,0.0,low,clustered,工地道路-施工工地,自查自报
2024-12-05,deterministic_sir,38877,0.21304955,1,1,0.367189,5,0.372012,high,clustered,工业企业,自查自报
2024-12-05,deterministic_sir,38876,0.19438841,0,0,0.172019,6,0.0,moderate,clustered,工业企业,自查自报
2024-12-05,deterministic_sir,38875,0.05972283,0,1,0.174823,11,1.27103,low,clustered,工地道路-施工工地,自查自报
2024-12-05,deterministic_sir,38874,0.05836989,0,0,0.440482,11,0.0,low,clustered,工地道路-施工工地,自查自报
2024-12-05,deterministic_sir,38873,0.20918786,0,1,0.015729,6,0.015729,high,clustered,工业企业,自查自报
2024-12-05,deterministic_sir,38871,0.20917767,0,1,0.015729,6,0.015729,high,clustered,工业企业,自查自报
2024-12-05,deterministic_sir,38872,0.05518563,0,0,1.074087,11,0.0,low,clustered,工地道路-施工工地,自查自报
2024-12-05,deterministic_sir,38870,0.21035791,0,1,0.005005,5,0.085474,high,clustered,工业企业,自查自报
2024-12-05,deterministic_sir,38869,0.22297414,0,0,0.005005,5,0.0,high,clustered,工业企业,自查自报
2024-12-05,deterministic_sir,38868,0.19623394,0,0,0.005702,5,0.0,moderate,clustered,工业企业,自查自报
2024-12-05,deterministic_sir,38867,0.2088001,0,1,0.085474,5,0.085474,high,clustered,工业企业,自查自报
2024-12-05,deterministic_sir,38866,0.20908733,0,1,0.104723,5,0.104723,high,clustered,工业企业,自查自报
2024-12-05,deterministic_sir,38865,0.06009949,0,1,0.198721,11,0.198721,moderate,clustered,工地道路-施工工地,自查自报
2024-12-05,deterministic_sir,38864,0.0563216,0,1,0.198721,11,0.198721,low,clustered,工地道路-施工工地,自查自报
2024-12-05,deterministic_sir,38863,0.05785948,0,0,0.008348,11,0.0,low,clustered,工地道路-施工工地,自查自报
2024-12-05,deterministic_sir,38862,0.05559557,0,0,0.008348,11,0.0,low,clustered,工地道路-施工工地,自查自报
2024-12-05,deterministic_sir,38860,0.0609433,0,1,0.188276,11,0.867015,moderate,clustered,工地道路-施工工地,自查自报
2024-12-05,deterministic_sir,38861,0.06080008,0,0,0.188276,11,0.0,moderate,clustered,工地道路-施工工地,自查自报
2024-12-05,deterministic_sir,38859,0.05914766,0,0,0.537324,11,0.0,low,clustered,工地道路-施工工地,自查自报
2024-12-05,deterministic_sir,38858,0.20860204,0,1,0.426771,6,0.426771,moderate,clustered,工业企业,自查自报
2024-12-05,deterministic_sir,38857,0.18228161,0,1,0.420705,5,0.420705,moderate,clustered,工业企业,自查自报
2024-12-05,deterministic_sir,38856,0.21040766,0,1,0.239258,6,0.239258,high,clustered,工业企业,自查自报
2024-12-05,deterministic_sir,38855,0.20144431,0,1,0.00348,5,0.00348,moderate,clustered,工业企业,自查自报
2024-12-05,deterministic_sir,38854,0.20664883,0,1,0.00348,5,0.00348,moderate,clustered,工业企业,自查自报
2024-12-05,deterministic_sir,38853,0.20458639,0,0,0.16428,5,0.0,moderate,clustered,工业企业,自查自报
2024-12-05,deterministic_sir,38852,0.20880255,1,1,0.239258,6,0.239258,high,clustered,工业企业,自查自报
2024-12-05,deterministic_sir,38851,0.20726927,0,1,0.441384,5,2.932696,moderate,clustered,工业企业,自查自报
2024-12-05,deterministic_sir,38850,0.210793,0,0,0.441384,5,0.0,high,clustered,工业企业,自查自报
2024-12-05,deterministic_sir,45986,0.06970888,0,0,0.0,1,0.0,moderate,clustered,,监测报警
2024-12-05,deterministic_sir,45985,0.0696422,0,0,0.0,1,0.0,moderate,clustered,,监测报警
2024-12-05,deterministic_sir,45983,0.07047888,0,0,0.0,1,0.0,moderate,clustered,,监测报警
2024-12-05,deterministic_sir,45984,0.07197887,0,1,4.955944,1,8.53054,moderate,clustered,,监测报警
2024-12-05,deterministic_sir,45981,0.07077899,0,0,0.0,1,0.0,moderate,clustered,,监测报警
2024-12-05,deterministic_sir,45982,0.06913261,0,0,4.955944,1,0.0,moderate,clustered,,监测报警
2024-12-05,deterministic_sir,45980,0.0707738,0,0,0.0,1,0.0,moderate,clustered,,监测报警
2024-12-05,deterministic_sir,45979,0.07139605,0,0,5.831575,0,0.0,moderate,isolated,,监测报警
2024-12-05,deterministic_sir,45978,0.07047888,0,0,0.0,1,0.0,moderate,clustered,,监测报警
2024-12-05,saa_no_recourse,38880,0.21348119,0,1,0.262537,6,0.262537,high,clustered,工业企业,自查自报
2024-12-05,saa_no_recourse,38879,0.0568804,0,1,0.136729,11,0.440482,low,clustered,工地道路-施工工地,自查自报
2024-12-05,saa_no_recourse,38878,0.05628809,0,0,0.136729,11,0.0,low,clustered,工地道路-施工工地,自查自报
2024-12-05,saa_no_recourse,38877,0.21304955,1,1,0.367189,5,0.367871,high,clustered,工业企业,自查自报
2024-12-05,saa_no_recourse,38876,0.19438841,0,1,0.172019,6,0.172019,moderate,clustered,工业企业,自查自报
2024-12-05,saa_no_recourse,38875,0.05972283,0,0,0.174823,11,0.0,low,clustered,工地道路-施工工地,自查自报
2024-12-05,saa_no_recourse,38874,0.05836989,0,1,0.440482,11,0.440482,low,clustered,工地道路-施工工地,自查自报
2024-12-05,saa_no_recourse,38873,0.20918786,0,1,0.015729,6,0.015729,high,clustered,工业企业,自查自报
2024-12-05,saa_no_recourse,38871,0.20917767,0,1,0.015729,6,0.015729,high,clustered,工业企业,自查自报
2024-12-05,saa_no_recourse,38872,0.05518563,0,0,1.074087,11,0.0,low,clustered,工地道路-施工工地,自查自报
2024-12-05,saa_no_recourse,38870,0.21035791,0,1,0.005005,5,0.005005,high,clustered,工业企业,自查自报
2024-12-05,saa_no_recourse,38869,0.22297414,0,1,0.005005,5,0.005005,high,clustered,工业企业,自查自报
2024-12-05,saa_no_recourse,38868,0.19623394,0,0,0.005702,5,0.0,moderate,clustered,工业企业,自查自报
2024-12-05,saa_no_recourse,38867,0.2088001,0,1,0.085474,5,0.085474,high,clustered,工业企业,自查自报
2024-12-05,saa_no_recourse,38866,0.20908733,0,1,0.104723,5,0.104723,high,clustered,工业企业,自查自报
2024-12-05,saa_no_recourse,38865,0.06009949,0,0,0.198721,11,0.0,moderate,clustered,工地道路-施工工地,自查自报
2024-12-05,saa_no_recourse,38864,0.0563216,0,0,0.198721,11,0.0,low,clustered,工地道路-施工工地,自查自报
2024-12-05,saa_no_recourse,38863,0.05785948,0,0,0.008348,11,0.0,low,clustered,工地道路-施工工地,自查自报
2024-12-05,saa_no_recourse,38862,0.05559557,0,0,0.008348,11,0.0,low,clustered,工地道路-施工工地,自查自报
2024-12-05,saa_no_recourse,38860,0.0609433,0,0,0.188276,11,0.0,moderate,clustered,工地道路-施工工地,自查自报
2024-12-05,saa_no_recourse,38861,0.06080008,0,0,0.188276,11,0.0,moderate,clustered,工地道路-施工工地,自查自报
2024-12-05,saa_no_recourse,38859,0.05914766,0,0,0.537324,11,0.0,low,clustered,工地道路-施工工地,自查自报
2024-12-05,saa_no_recourse,38858,0.20860204,0,1,0.426771,6,0.426771,moderate,clustered,工业企业,自查自报
2024-12-05,saa_no_recourse,38857,0.18228161,0,0,0.420705,5,0.0,moderate,clustered,工业企业,自查自报
2024-12-05,saa_no_recourse,38856,0.21040766,0,1,0.239258,6,0.239258,high,clustered,工业企业,自查自报
2024-12-05,saa_no_recourse,38855,0.20144431,0,1,0.00348,5,0.00348,moderate,clustered,工业企业,自查自报
2024-12-05,saa_no_recourse,38854,0.20664883,0,1,0.00348,5,0.00348,moderate,clustered,工业企业,自查自报
2024-12-05,saa_no_recourse,38853,0.20458639,0,1,0.16428,5,0.16428,moderate,clustered,工业企业,自查自报
2024-12-05,saa_no_recourse,38852,0.20880255,1,1,0.239258,6,0.239258,high,clustered,工业企业,自查自报
2024-12-05,saa_no_recourse,38851,0.20726927,0,1,0.441384,5,0.441384,moderate,clustered,工业企业,自查自报
2024-12-05,saa_no_recourse,38850,0.210793,0,1,0.441384,5,0.441384,high,clustered,工业企业,自查自报
2024-12-05,saa_no_recourse,45986,0.06970888,0,0,0.0,1,0.0,moderate,clustered,,监测报警
2024-12-05,saa_no_recourse,45985,0.0696422,0,0,0.0,1,0.0,moderate,clustered,,监测报警
2024-12-05,saa_no_recourse,45983,0.07047888,0,0,0.0,1,0.0,moderate,clustered,,监测报警
2024-12-05,saa_no_recourse,45984,0.07197887,0,0,4.955944,1,0.0,moderate,clustered,,监测报警
2024-12-05,saa_no_recourse,45981,0.07077899,0,0,0.0,1,0.0,moderate,clustered,,监测报警
2024-12-05,saa_no_recourse,45982,0.06913261,0,0,4.955944,1,0.0,moderate,clustered,,监测报警
2024-12-05,saa_no_recourse,45980,0.0707738,0,0,0.0,1,0.0,moderate,clustered,,监测报警
2024-12-05,saa_no_recourse,45979,0.07139605,0,0,5.831575,0,0.0,moderate,isolated,,监测报警
2024-12-05,saa_no_recourse,45978,0.07047888,0,0,0.0,1,0.0,moderate,clustered,,监测报警
2024-12-05,two_stage_recourse,38880,0.21348119,0,1,0.262537,6,0.262537,high,clustered,工业企业,自查自报
2024-12-05,two_stage_recourse,38879,0.0568804,0,0,0.136729,11,0.0,low,clustered,工地道路-施工工地,自查自报
2024-12-05,two_stage_recourse,38878,0.05628809,0,0,0.136729,11,0.0,low,clustered,工地道路-施工工地,自查自报
2024-12-05,two_stage_recourse,38877,0.21304955,1,1,0.367189,5,0.367871,high,clustered,工业企业,自查自报
2024-12-05,two_stage_recourse,38876,0.19438841,0,1,0.172019,6,0.172019,moderate,clustered,工业企业,自查自报
2024-12-05,two_stage_recourse,38875,0.05972283,0,0,0.174823,11,0.0,low,clustered,工地道路-施工工地,自查自报
2024-12-05,two_stage_recourse,38874,0.05836989,0,0,0.440482,11,0.0,low,clustered,工地道路-施工工地,自查自报
2024-12-05,two_stage_recourse,38873,0.20918786,0,1,0.015729,6,0.015729,high,clustered,工业企业,自查自报
2024-12-05,two_stage_recourse,38871,0.20917767,0,1,0.015729,6,0.015729,high,clustered,工业企业,自查自报
2024-12-05,two_stage_recourse,38872,0.05518563,0,0,1.074087,11,0.0,low,clustered,工地道路-施工工地,自查自报
2024-12-05,two_stage_recourse,38870,0.21035791,0,1,0.005005,5,0.005005,high,clustered,工业企业,自查自报
2024-12-05,two_stage_recourse,38869,0.22297414,0,1,0.005005,5,0.005005,high,clustered,工业企业,自查自报
2024-12-05,two_stage_recourse,38868,0.19623394,0,0,0.005702,5,0.0,moderate,clustered,工业企业,自查自报
2024-12-05,two_stage_recourse,38867,0.2088001,0,0,0.085474,5,0.0,high,clustered,工业企业,自查自报
2024-12-05,two_stage_recourse,38866,0.20908733,0,0,0.104723,5,0.0,high,clustered,工业企业,自查自报
2024-12-05,two_stage_recourse,38865,0.06009949,0,0,0.198721,11,0.0,moderate,clustered,工地道路-施工工地,自查自报
2024-12-05,two_stage_recourse,38864,0.0563216,0,1,0.198721,11,7.186686,low,clustered,工地道路-施工工地,自查自报
2024-12-05,two_stage_recourse,38863,0.05785948,0,0,0.008348,11,0.0,low,clustered,工地道路-施工工地,自查自报
2024-12-05,two_stage_recourse,38862,0.05559557,0,0,0.008348,11,0.0,low,clustered,工地道路-施工工地,自查自报
2024-12-05,two_stage_recourse,38860,0.0609433,0,0,0.188276,11,0.0,moderate,clustered,工地道路-施工工地,自查自报
2024-12-05,two_stage_recourse,38861,0.06080008,0,0,0.188276,11,0.0,moderate,clustered,工地道路-施工工地,自查自报
2024-12-05,two_stage_recourse,38859,0.05914766,0,0,0.537324,11,0.0,low,clustered,工地道路-施工工地,自查自报
2024-12-05,two_stage_recourse,38858,0.20860204,0,1,0.426771,6,0.426771,moderate,clustered,工业企业,自查自报
2024-12-05,two_stage_recourse,38857,0.18228161,0,1,0.420705,5,0.420705,moderate,clustered,工业企业,自查自报
2024-12-05,two_stage_recourse,38856,0.21040766,0,1,0.239258,6,0.239258,high,clustered,工业企业,自查自报
2024-12-05,two_stage_recourse,38855,0.20144431,0,1,0.00348,5,0.00348,moderate,clustered,工业企业,自查自报
2024-12-05,two_stage_recourse,38854,0.20664883,0,1,0.00348,5,0.00348,moderate,clustered,工业企业,自查自报
2024-12-05,two_stage_recourse,38853,0.20458639,0,1,0.16428,5,0.16428,moderate,clustered,工业企业,自查自报
2024-12-05,two_stage_recourse,38852,0.20880255,1,1,0.239258,6,0.239258,high,clustered,工业企业,自查自报
2024-12-05,two_stage_recourse,38851,0.20726927,0,1,0.441384,5,0.441384,moderate,clustered,工业企业,自查自报
2024-12-05,two_stage_recourse,38850,0.210793,0,1,0.441384,5,0.441384,high,clustered,工业企业,自查自报
2024-12-05,two_stage_recourse,45986,0.06970888,0,0,0.0,1,0.0,moderate,clustered,,监测报警
2024-12-05,two_stage_recourse,45985,0.0696422,0,0,0.0,1,0.0,moderate,clustered,,监测报警
2024-12-05,two_stage_recourse,45983,0.07047888,0,0,0.0,1,0.0,moderate,clustered,,监测报警
2024-12-05,two_stage_recourse,45984,0.07197887,0,0,4.955944,1,0.0,moderate,clustered,,监测报警
2024-12-05,two_stage_recourse,45981,0.07077899,0,0,0.0,1,0.0,moderate,clustered,,监测报警
2024-12-05,two_stage_recourse,45982,0.06913261,0,0,4.955944,1,0.0,moderate,clustered,,监测报警
2024-12-05,two_stage_recourse,45980,0.0707738,0,0,0.0,1,0.0,moderate,clustered,,监测报警
2024-12-05,two_stage_recourse,45979,0.07139605,0,0,5.831575,0,0.0,moderate,isolated,,监测报警
2024-12-05,two_stage_recourse,45978,0.07047888,0,0,0.0,1,0.0,moderate,clustered,,监测报警
2024-12-05,dro_recourse,38880,0.21348119,0,1,0.262537,6,0.262537,high,clustered,工业企业,自查自报
2024-12-05,dro_recourse,38879,0.0568804,0,0,0.136729,11,0.0,low,clustered,工地道路-施工工地,自查自报
2024-12-05,dro_recourse,38878,0.05628809,0,0,0.136729,11,0.0,low,clustered,工地道路-施工工地,自查自报
2024-12-05,dro_recourse,38877,0.21304955,1,1,0.367189,5,0.367189,high,clustered,工业企业,自查自报
2024-12-05,dro_recourse,38876,0.19438841,0,1,0.172019,6,0.172019,moderate,clustered,工业企业,自查自报
2024-12-05,dro_recourse,38875,0.05972283,0,0,0.174823,11,0.0,low,clustered,工地道路-施工工地,自查自报
2024-12-05,dro_recourse,38874,0.05836989,0,0,0.440482,11,0.0,low,clustered,工地道路-施工工地,自查自报
2024-12-05,dro_recourse,38873,0.20918786,0,1,0.015729,6,0.015729,high,clustered,工业企业,自查自报
2024-12-05,dro_recourse,38871,0.20917767,0,1,0.015729,6,0.015729,high,clustered,工业企业,自查自报
2024-12-05,dro_recourse,38872,0.05518563,0,0,1.074087,11,0.0,low,clustered,工地道路-施工工地,自查自报
2024-12-05,dro_recourse,38870,0.21035791,0,1,0.005005,5,0.005005,high,clustered,工业企业,自查自报
2024-12-05,dro_recourse,38869,0.22297414,0,1,0.005005,5,0.005005,high,clustered,工业企业,自查自报
2024-12-05,dro_recourse,38868,0.19623394,0,1,0.005702,5,0.005702,moderate,clustered,工业企业,自查自报
2024-12-05,dro_recourse,38867,0.2088001,0,1,0.085474,5,0.085474,high,clustered,工业企业,自查自报
2024-12-05,dro_recourse,38866,0.20908733,0,1,0.104723,5,0.104723,high,clustered,工业企业,自查自报
2024-12-05,dro_recourse,38865,0.06009949,0,0,0.198721,11,0.0,moderate,clustered,工地道路-施工工地,自查自报
2024-12-05,dro_recourse,38864,0.0563216,0,0,0.198721,11,0.0,low,clustered,工地道路-施工工地,自查自报
2024-12-05,dro_recourse,38863,0.05785948,0,0,0.008348,11,0.0,low,clustered,工地道路-施工工地,自查自报
2024-12-05,dro_recourse,38862,0.05559557,0,0,0.008348,11,0.0,low,clustered,工地道路-施工工地,自查自报
2024-12-05,dro_recourse,38860,0.0609433,0,0,0.188276,11,0.0,moderate,clustered,工地道路-施工工地,自查自报
2024-12-05,dro_recourse,38861,0.06080008,0,0,0.188276,11,0.0,moderate,clustered,工地道路-施工工地,自查自报
2024-12-05,dro_recourse,38859,0.05914766,0,0,0.537324,11,0.0,low,clustered,工地道路-施工工地,自查自报
2024-12-05,dro_recourse,38858,0.20860204,0,1,0.426771,6,0.426771,moderate,clustered,工业企业,自查自报
2024-12-05,dro_recourse,38857,0.18228161,0,0,0.420705,5,0.0,moderate,clustered,工业企业,自查自报
2024-12-05,dro_recourse,38856,0.21040766,0,1,0.239258,6,0.239258,high,clustered,工业企业,自查自报
2024-12-05,dro_recourse,38855,0.20144431,0,1,0.00348,5,0.00348,moderate,clustered,工业企业,自查自报
2024-12-05,dro_recourse,38854,0.20664883,0,1,0.00348,5,0.00348,moderate,clustered,工业企业,自查自报
2024-12-05,dro_recourse,38853,0.20458639,0,1,0.16428,5,0.16428,moderate,clustered,工业企业,自查自报
2024-12-05,dro_recourse,38852,0.20880255,1,1,0.239258,6,0.239258,high,clustered,工业企业,自查自报
2024-12-05,dro_recourse,38851,0.20726927,0,1,0.441384,5,0.441384,moderate,clustered,工业企业,自查自报
2024-12-05,dro_recourse,38850,0.210793,0,1,0.441384,5,0.441384,high,clustered,工业企业,自查自报
2024-12-05,dro_recourse,45986,0.06970888,0,0,0.0,1,0.0,moderate,clustered,,监测报警
2024-12-05,dro_recourse,45985,0.0696422,0,0,0.0,1,0.0,moderate,clustered,,监测报警
2024-12-05,dro_recourse,45983,0.07047888,0,0,0.0,1,0.0,moderate,clustered,,监测报警
2024-12-05,dro_recourse,45984,0.07197887,0,0,4.955944,1,0.0,moderate,clustered,,监测报警
2024-12-05,dro_recourse,45981,0.07077899,0,0,0.0,1,0.0,moderate,clustered,,监测报警
2024-12-05,dro_recourse,45982,0.06913261,0,0,4.955944,1,0.0,moderate,clustered,,监测报警
2024-12-05,dro_recourse,45980,0.0707738,0,0,0.0,1,0.0,moderate,clustered,,监测报警
2024-12-05,dro_recourse,45979,0.07139605,0,1,5.831575,0,17.89868,moderate,isolated,,监测报警
2024-12-05,dro_recourse,45978,0.07047888,0,0,0.0,1,0.0,moderate,clustered,,监测报警
2024-12-06,risk_first,38977,0.05878076,0,0,29.868479,0,0.0,moderate,isolated,工地道路-施工工地,自查自报
2024-12-06,risk_first,38976,0.05779193,0,0,0.130883,28,0.0,moderate,clustered,工地道路-施工工地,自查自报
2024-12-06,risk_first,38975,0.06030341,0,1,0.019721,28,0.040745,moderate,clustered,工地道路-施工工地,自查自报
2024-12-06,risk_first,38974,0.05563406,0,0,0.019721,28,0.0,low,clustered,工地道路-施工工地,自查自报
2024-12-06,risk_first,38973,0.05911474,0,1,0.036462,28,0.040745,moderate,clustered,工地道路-施工工地,自查自报
2024-12-06,risk_first,38972,0.05569462,0,0,0.130093,28,0.0,low,clustered,工地道路-施工工地,自查自报
2024-12-06,risk_first,38971,0.05897306,0,1,0.168218,27,0.257914,moderate,clustered,工地道路-施工工地,自查自报
2024-12-06,risk_first,38970,0.05645302,0,0,0.195843,22,0.0,low,clustered,工地道路-施工工地,自查自报
2024-12-06,risk_first,38969,0.05784083,0,0,0.218368,22,0.0,moderate,clustered,工地道路-施工工地,自查自报
2024-12-06,risk_first,38968,0.36345727,0,1,0.037373,22,0.037373,high,clustered,其他面源-固定餐饮,自查自报
2024-12-06,risk_first,38967,0.36271661,0,1,0.000778,22,0.000778,high,clustered,其他面源-固定餐饮,自查自报
2024-12-06,risk_first,38966,0.36359468,0,1,0.000778,22,0.000778,high,clustered,其他面源-固定餐饮,自查自报
2024-12-06,risk_first,38964,0.36377084,0,1,0.001128,22,0.001128,high,clustered,其他面源-固定餐饮,自查自报
2024-12-06,risk_first,38965,0.05557828,0,0,0.194716,28,0.0,low,clustered,工地道路-施工工地,自查自报
2024-12-06,risk_first,38963,0.36278748,0,1,0.053453,21,0.053453,high,clustered,其他面源-固定餐饮,自查自报
2024-12-06,risk_first,38962,0.05813657,0,0,0.049169,28,0.0,moderate,clustered,工地道路-施工工地,自查自报
2024-12-06,risk_first,38961,0.05843389,0,0,0.049169,28,0.0,moderate,clustered,工地道路-施工工地,自查自报
2024-12-06,risk_first,38960,0.20723872,0,1,0.032015,7,0.032015,moderate,clustered,工业企业,自查自报
2024-12-06,risk_first,38959,0.06111862,0,1,0.544959,22,1.070886,moderate,clustered,工地道路-施工工地,自查自报
2024-12-06,risk_first,38958,0.0574685,0,0,0.041124,22,0.0,moderate,clustered,工地道路-施工工地,自查自报
2024-12-06,risk_first,38957,0.05523811,0,0,0.285971,22,0.0,low,clustered,工地道路-施工工地,自查自报
2024-12-06,risk_first,38955,0.20492934,0,1,0.032015,7,0.032015,moderate,clustered,工业企业,自查自报
2024-12-06,risk_first,38956,0.05703496,0,0,0.041124,22,0.0,low,clustered,工地道路-施工工地,自查自报
2024-12-06,risk_first,38954,0.05600662,0,0,0.003621,22,0.0,low,clustered,工地道路-施工工地,自查自报
2024-12-06,risk_first,38953,0.05603472,0,0,0.003621,22,0.0,low,clustered,工地道路-施工工地,自查自报
2024-12-06,risk_first,38952,0.05854532,0,0,0.609909,22,0.0,moderate,clustered,工地道路-施工工地,自查自报
2024-12-06,risk_first,38951,0.19012165,0,1,0.445954,7,0.445954,moderate,clustered,工业企业,自查自报
2024-12-06,risk_first,38950,0.20515151,1,1,0.342647,7,0.342647,moderate,clustered,工业企业,自查自报
2024-12-06,risk_first,38949,0.05822252,0,0,0.411544,7,0.0,moderate,clustered,工地道路-施工工地,自查自报
2024-12-06,risk_first,38948,0.20475102,0,1,0.205914,7,0.205914,moderate,clustered,工业企业,自查自报
2024-12-06,risk_first,38947,0.2037902,0,1,0.205914,7,0.205914,moderate,clustered,工业企业,自查自报
2024-12-06,risk_first,38946,0.21317684,0,1,0.345914,7,0.345914,high,clustered,工业企业,自查自报
2024-12-06,risk_first,38945,0.0570367,0,0,0.411544,7,0.0,low,clustered,工地道路-施工工地,自查自报
2024-12-06,risk_first,38944,0.05757569,0,0,0.04251,16,0.0,moderate,clustered,工地道路-施工工地,自查自报
2024-12-06,risk_first,38943,0.36480405,0,1,0.005261,16,0.005261,high,clustered,其他面源-固定餐饮,自查自报
2024-12-06,risk_first,38942,0.36263568,0,1,0.005261,16,0.005261,high,clustered,其他面源-固定餐饮,自查自报
2024-12-06,risk_first,38941,0.36255162,0,1,0.010045,16,0.010045,high,clustered,其他面源-固定餐饮,自查自报
2024-12-06,risk_first,38940,0.36077673,0,1,0.013861,16,0.013861,high,clustered,其他面源-固定餐饮,自查自报
2024-12-06,risk_first,38938,0.35984496,0,1,0.007666,16,0.007666,high,clustered,其他面源-固定餐饮,自查自报
2024-12-06,risk_first,38939,0.20556351,1,1,0.345914,7,0.345914,moderate,clustered,工业企业,自查自报
2024-12-06,deterministic_sir,38977,0.05878076,0,0,29.868479,0,0.0,moderate,isolated,工地道路-施工工地,自查自报
2024-12-06,deterministic_sir,38976,0.05779193,0,0,0.130883,28,0.0,moderate,clustered,工地道路-施工工地,自查自报
2024-12-06,deterministic_sir,38975,0.06030341,0,0,0.019721,28,0.0,moderate,clustered,工地道路-施工工地,自查自报
2024-12-06,deterministic_sir,38974,0.05563406,0,1,0.019721,28,0.641214,low,clustered,工地道路-施工工地,自查自报
2024-12-06,deterministic_sir,38973,0.05911474,0,0,0.036462,28,0.0,moderate,clustered,工地道路-施工工地,自查自报
2024-12-06,deterministic_sir,38972,0.05569462,0,0,0.130093,28,0.0,low,clustered,工地道路-施工工地,自查自报
2024-12-06,deterministic_sir,38971,0.05897306,0,0,0.168218,27,0.0,moderate,clustered,工地道路-施工工地,自查自报
2024-12-06,deterministic_sir,38970,0.05645302,0,0,0.195843,22,0.0,low,clustered,工地道路-施工工地,自查自报
2024-12-06,deterministic_sir,38969,0.05784083,0,1,0.218368,22,0.410961,moderate,clustered,工地道路-施工工地,自查自报
2024-12-06,deterministic_sir,38968,0.36345727,0,1,0.037373,22,0.037373,high,clustered,其他面源-固定餐饮,自查自报
2024-12-06,deterministic_sir,38967,0.36271661,0,1,0.000778,22,0.000778,high,clustered,其他面源-固定餐饮,自查自报
2024-12-06,deterministic_sir,38966,0.36359468,0,1,0.000778,22,0.000778,high,clustered,其他面源-固定餐饮,自查自报
2024-12-06,deterministic_sir,38964,0.36377084,0,1,0.001128,22,0.001128,high,clustered,其他面源-固定餐饮,自查自报
2024-12-06,deterministic_sir,38965,0.05557828,0,0,0.194716,28,0.0,low,clustered,工地道路-施工工地,自查自报
2024-12-06,deterministic_sir,38963,0.36278748,0,1,0.053453,21,0.053453,high,clustered,其他面源-固定餐饮,自查自报
2024-12-06,deterministic_sir,38962,0.05813657,0,0,0.049169,28,0.0,moderate,clustered,工地道路-施工工地,自查自报
2024-12-06,deterministic_sir,38961,0.05843389,0,0,0.049169,28,0.0,moderate,clustered,工地道路-施工工地,自查自报
2024-12-06,deterministic_sir,38960,0.20723872,0,1,0.032015,7,0.032015,moderate,clustered,工业企业,自查自报
2024-12-06,deterministic_sir,38959,0.06111862,0,0,0.544959,22,0.0,moderate,clustered,工地道路-施工工地,自查自报
2024-12-06,deterministic_sir,38958,0.0574685,0,0,0.041124,22,0.0,moderate,clustered,工地道路-施工工地,自查自报
2024-12-06,deterministic_sir,38957,0.05523811,0,0,0.285971,22,0.0,low,clustered,工地道路-施工工地,自查自报
2024-12-06,deterministic_sir,38955,0.20492934,0,1,0.032015,7,0.032015,moderate,clustered,工业企业,自查自报
2024-12-06,deterministic_sir,38956,0.05703496,0,1,0.041124,22,0.641214,low,clustered,工地道路-施工工地,自查自报
2024-12-06,deterministic_sir,38954,0.05600662,0,0,0.003621,22,0.0,low,clustered,工地道路-施工工地,自查自报
2024-12-06,deterministic_sir,38953,0.05603472,0,1,0.003621,22,0.966231,low,clustered,工地道路-施工工地,自查自报
2024-12-06,deterministic_sir,38952,0.05854532,0,0,0.609909,22,0.0,moderate,clustered,工地道路-施工工地,自查自报
2024-12-06,deterministic_sir,38951,0.19012165,0,1,0.445954,7,0.445954,moderate,clustered,工业企业,自查自报
2024-12-06,deterministic_sir,38950,0.20515151,1,1,0.342647,7,0.342647,moderate,clustered,工业企业,自查自报
2024-12-06,deterministic_sir,38949,0.05822252,0,0,0.411544,7,0.0,moderate,clustered,工地道路-施工工地,自查自报
2024-12-06,deterministic_sir,38948,0.20475102,0,1,0.205914,7,0.205914,moderate,clustered,工业企业,自查自报
2024-12-06,deterministic_sir,38947,0.2037902,0,1,0.205914,7,0.205914,moderate,clustered,工业企业,自查自报
2024-12-06,deterministic_sir,38946,0.21317684,0,1,0.345914,7,0.345914,high,clustered,工业企业,自查自报
2024-12-06,deterministic_sir,38945,0.0570367,0,1,0.411544,7,1.595833,low,clustered,工地道路-施工工地,自查自报
2024-12-06,deterministic_sir,38944,0.05757569,0,0,0.04251,16,0.0,moderate,clustered,工地道路-施工工地,自查自报
2024-12-06,deterministic_sir,38943,0.36480405,0,1,0.005261,16,0.005261,high,clustered,其他面源-固定餐饮,自查自报
2024-12-06,deterministic_sir,38942,0.36263568,0,1,0.005261,16,0.005261,high,clustered,其他面源-固定餐饮,自查自报
2024-12-06,deterministic_sir,38941,0.36255162,0,1,0.010045,16,0.010045,high,clustered,其他面源-固定餐饮,自查自报
2024-12-06,deterministic_sir,38940,0.36077673,0,1,0.013861,16,0.013861,high,clustered,其他面源-固定餐饮,自查自报
2024-12-06,deterministic_sir,38938,0.35984496,0,1,0.007666,16,0.007666,high,clustered,其他面源-固定餐饮,自查自报
2024-12-06,deterministic_sir,38939,0.20556351,1,1,0.345914,7,0.345914,moderate,clustered,工业企业,自查自报
2024-12-06,saa_no_recourse,38977,0.05878076,0,0,29.868479,0,0.0,moderate,isolated,工地道路-施工工地,自查自报
2024-12-06,saa_no_recourse,38976,0.05779193,0,0,0.130883,28,0.0,moderate,clustered,工地道路-施工工地,自查自报
2024-12-06,saa_no_recourse,38975,0.06030341,0,1,0.019721,28,0.442888,moderate,clustered,工地道路-施工工地,自查自报
2024-12-06,saa_no_recourse,38974,0.05563406,0,0,0.019721,28,0.0,low,clustered,工地道路-施工工地,自查自报
2024-12-06,saa_no_recourse,38973,0.05911474,0,0,0.036462,28,0.0,moderate,clustered,工地道路-施工工地,自查自报
2024-12-06,saa_no_recourse,38972,0.05569462,0,0,0.130093,28,0.0,low,clustered,工地道路-施工工地,自查自报
2024-12-06,saa_no_recourse,38971,0.05897306,0,0,0.168218,27,0.0,moderate,clustered,工地道路-施工工地,自查自报
2024-12-06,saa_no_recourse,38970,0.05645302,0,1,0.195843,22,0.195843,low,clustered,工地道路-施工工地,自查自报
2024-12-06,saa_no_recourse,38969,0.05784083,0,1,0.218368,22,0.218368,moderate,clustered,工地道路-施工工地,自查自报
2024-12-06,saa_no_recourse,38968,0.36345727,0,1,0.037373,22,0.037373,high,clustered,其他面源-固定餐饮,自查自报
2024-12-06,saa_no_recourse,38967,0.36271661,0,1,0.000778,22,0.000778,high,clustered,其他面源-固定餐饮,自查自报
2024-12-06,saa_no_recourse,38966,0.36359468,0,1,0.000778,22,0.000778,high,clustered,其他面源-固定餐饮,自查自报
2024-12-06,saa_no_recourse,38964,0.36377084,0,1,0.001128,22,0.001128,high,clustered,其他面源-固定餐饮,自查自报
2024-12-06,saa_no_recourse,38965,0.05557828,0,0,0.194716,28,0.0,low,clustered,工地道路-施工工地,自查自报
2024-12-06,saa_no_recourse,38963,0.36278748,0,1,0.053453,21,0.053453,high,clustered,其他面源-固定餐饮,自查自报
2024-12-06,saa_no_recourse,38962,0.05813657,0,1,0.049169,28,0.049169,moderate,clustered,工地道路-施工工地,自查自报
2024-12-06,saa_no_recourse,38961,0.05843389,0,1,0.049169,28,0.049169,moderate,clustered,工地道路-施工工地,自查自报
2024-12-06,saa_no_recourse,38960,0.20723872,0,1,0.032015,7,0.032015,moderate,clustered,工业企业,自查自报
2024-12-06,saa_no_recourse,38959,0.06111862,0,1,0.544959,22,0.544959,moderate,clustered,工地道路-施工工地,自查自报
2024-12-06,saa_no_recourse,38958,0.0574685,0,0,0.041124,22,0.0,moderate,clustered,工地道路-施工工地,自查自报
2024-12-06,saa_no_recourse,38957,0.05523811,0,0,0.285971,22,0.0,low,clustered,工地道路-施工工地,自查自报
2024-12-06,saa_no_recourse,38955,0.20492934,0,1,0.032015,7,0.032015,moderate,clustered,工业企业,自查自报
2024-12-06,saa_no_recourse,38956,0.05703496,0,0,0.041124,22,0.0,low,clustered,工地道路-施工工地,自查自报
2024-12-06,saa_no_recourse,38954,0.05600662,0,0,0.003621,22,0.0,low,clustered,工地道路-施工工地,自查自报
2024-12-06,saa_no_recourse,38953,0.05603472,0,1,0.003621,22,0.544959,low,clustered,工地道路-施工工地,自查自报
2024-12-06,saa_no_recourse,38952,0.05854532,0,0,0.609909,22,0.0,moderate,clustered,工地道路-施工工地,自查自报
2024-12-06,saa_no_recourse,38951,0.19012165,0,1,0.445954,7,0.445954,moderate,clustered,工业企业,自查自报
2024-12-06,saa_no_recourse,38950,0.20515151,1,1,0.342647,7,0.342647,moderate,clustered,工业企业,自查自报
2024-12-06,saa_no_recourse,38949,0.05822252,0,0,0.411544,7,0.0,moderate,clustered,工地道路-施工工地,自查自报
2024-12-06,saa_no_recourse,38948,0.20475102,0,1,0.205914,7,0.205914,moderate,clustered,工业企业,自查自报
2024-12-06,saa_no_recourse,38947,0.2037902,0,1,0.205914,7,0.205914,moderate,clustered,工业企业,自查自报
2024-12-06,saa_no_recourse,38946,0.21317684,0,1,0.345914,7,0.345914,high,clustered,工业企业,自查自报
2024-12-06,saa_no_recourse,38945,0.0570367,0,0,0.411544,7,0.0,low,clustered,工地道路-施工工地,自查自报
2024-12-06,saa_no_recourse,38944,0.05757569,0,0,0.04251,16,0.0,moderate,clustered,工地道路-施工工地,自查自报
2024-12-06,saa_no_recourse,38943,0.36480405,0,1,0.005261,16,0.005261,high,clustered,其他面源-固定餐饮,自查自报
2024-12-06,saa_no_recourse,38942,0.36263568,0,1,0.005261,16,0.005261,high,clustered,其他面源-固定餐饮,自查自报
2024-12-06,saa_no_recourse,38941,0.36255162,0,1,0.010045,16,0.010045,high,clustered,其他面源-固定餐饮,自查自报
2024-12-06,saa_no_recourse,38940,0.36077673,0,1,0.013861,16,0.013861,high,clustered,其他面源-固定餐饮,自查自报
2024-12-06,saa_no_recourse,38938,0.35984496,0,1,0.007666,16,0.007666,high,clustered,其他面源-固定餐饮,自查自报
2024-12-06,saa_no_recourse,38939,0.20556351,1,1,0.345914,7,0.345914,moderate,clustered,工业企业,自查自报
2024-12-06,two_stage_recourse,38977,0.05878076,0,0,29.868479,0,0.0,moderate,isolated,工地道路-施工工地,自查自报
2024-12-06,two_stage_recourse,38976,0.05779193,0,1,0.130883,28,0.582821,moderate,clustered,工地道路-施工工地,自查自报
2024-12-06,two_stage_recourse,38975,0.06030341,0,0,0.019721,28,0.0,moderate,clustered,工地道路-施工工地,自查自报
2024-12-06,two_stage_recourse,38974,0.05563406,0,0,0.019721,28,0.0,low,clustered,工地道路-施工工地,自查自报
2024-12-06,two_stage_recourse,38973,0.05911474,0,0,0.036462,28,0.0,moderate,clustered,工地道路-施工工地,自查自报
2024-12-06,two_stage_recourse,38972,0.05569462,0,0,0.130093,28,0.0,low,clustered,工地道路-施工工地,自查自报
2024-12-06,two_stage_recourse,38971,0.05897306,0,0,0.168218,27,0.0,moderate,clustered,工地道路-施工工地,自查自报
2024-12-06,two_stage_recourse,38970,0.05645302,0,0,0.195843,22,0.0,low,clustered,工地道路-施工工地,自查自报
2024-12-06,two_stage_recourse,38969,0.05784083,0,1,0.218368,22,0.410961,moderate,clustered,工地道路-施工工地,自查自报
2024-12-06,two_stage_recourse,38968,0.36345727,0,1,0.037373,22,0.037373,high,clustered,其他面源-固定餐饮,自查自报
2024-12-06,two_stage_recourse,38967,0.36271661,0,1,0.000778,22,0.000778,high,clustered,其他面源-固定餐饮,自查自报
2024-12-06,two_stage_recourse,38966,0.36359468,0,1,0.000778,22,0.000778,high,clustered,其他面源-固定餐饮,自查自报
2024-12-06,two_stage_recourse,38964,0.36377084,0,1,0.001128,22,0.001128,high,clustered,其他面源-固定餐饮,自查自报
2024-12-06,two_stage_recourse,38965,0.05557828,0,0,0.194716,28,0.0,low,clustered,工地道路-施工工地,自查自报
2024-12-06,two_stage_recourse,38963,0.36278748,0,1,0.053453,21,0.053453,high,clustered,其他面源-固定餐饮,自查自报
2024-12-06,two_stage_recourse,38962,0.05813657,0,1,0.049169,28,0.582821,moderate,clustered,工地道路-施工工地,自查自报
2024-12-06,two_stage_recourse,38961,0.05843389,0,0,0.049169,28,0.0,moderate,clustered,工地道路-施工工地,自查自报
2024-12-06,two_stage_recourse,38960,0.20723872,0,1,0.032015,7,0.032015,moderate,clustered,工业企业,自查自报
2024-12-06,two_stage_recourse,38959,0.06111862,0,0,0.544959,22,0.0,moderate,clustered,工地道路-施工工地,自查自报
2024-12-06,two_stage_recourse,38958,0.0574685,0,0,0.041124,22,0.0,moderate,clustered,工地道路-施工工地,自查自报
2024-12-06,two_stage_recourse,38957,0.05523811,0,0,0.285971,22,0.0,low,clustered,工地道路-施工工地,自查自报
2024-12-06,two_stage_recourse,38955,0.20492934,0,1,0.032015,7,0.032015,moderate,clustered,工业企业,自查自报
2024-12-06,two_stage_recourse,38956,0.05703496,0,0,0.041124,22,0.0,low,clustered,工地道路-施工工地,自查自报
2024-12-06,two_stage_recourse,38954,0.05600662,0,0,0.003621,22,0.0,low,clustered,工地道路-施工工地,自查自报
2024-12-06,two_stage_recourse,38953,0.05603472,0,0,0.003621,22,0.0,low,clustered,工地道路-施工工地,自查自报
2024-12-06,two_stage_recourse,38952,0.05854532,0,1,0.609909,22,1.097126,moderate,clustered,工地道路-施工工地,自查自报
2024-12-06,two_stage_recourse,38951,0.19012165,0,1,0.445954,7,0.445954,moderate,clustered,工业企业,自查自报
2024-12-06,two_stage_recourse,38950,0.20515151,1,1,0.342647,7,0.342647,moderate,clustered,工业企业,自查自报
2024-12-06,two_stage_recourse,38949,0.05822252,0,0,0.411544,7,0.0,moderate,clustered,工地道路-施工工地,自查自报
2024-12-06,two_stage_recourse,38948,0.20475102,0,1,0.205914,7,0.205914,moderate,clustered,工业企业,自查自报
2024-12-06,two_stage_recourse,38947,0.2037902,0,1,0.205914,7,0.205914,moderate,clustered,工业企业,自查自报
2024-12-06,two_stage_recourse,38946,0.21317684,0,1,0.345914,7,0.345914,high,clustered,工业企业,自查自报
2024-12-06,two_stage_recourse,38945,0.0570367,0,0,0.411544,7,0.0,low,clustered,工地道路-施工工地,自查自报
2024-12-06,two_stage_recourse,38944,0.05757569,0,0,0.04251,16,0.0,moderate,clustered,工地道路-施工工地,自查自报
2024-12-06,two_stage_recourse,38943,0.36480405,0,1,0.005261,16,0.005261,high,clustered,其他面源-固定餐饮,自查自报
2024-12-06,two_stage_recourse,38942,0.36263568,0,1,0.005261,16,0.005261,high,clustered,其他面源-固定餐饮,自查自报
2024-12-06,two_stage_recourse,38941,0.36255162,0,1,0.010045,16,0.010045,high,clustered,其他面源-固定餐饮,自查自报
2024-12-06,two_stage_recourse,38940,0.36077673,0,1,0.013861,16,0.013861,high,clustered,其他面源-固定餐饮,自查自报
2024-12-06,two_stage_recourse,38938,0.35984496,0,1,0.007666,16,0.007666,high,clustered,其他面源-固定餐饮,自查自报
2024-12-06,two_stage_recourse,38939,0.20556351,1,1,0.345914,7,0.345914,moderate,clustered,工业企业,自查自报
2024-12-06,dro_recourse,38977,0.05878076,0,0,29.868479,0,0.0,moderate,isolated,工地道路-施工工地,自查自报
2024-12-06,dro_recourse,38976,0.05779193,0,1,0.130883,28,0.69954,moderate,clustered,工地道路-施工工地,自查自报
2024-12-06,dro_recourse,38975,0.06030341,0,0,0.019721,28,0.0,moderate,clustered,工地道路-施工工地,自查自报
2024-12-06,dro_recourse,38974,0.05563406,0,0,0.019721,28,0.0,low,clustered,工地道路-施工工地,自查自报
2024-12-06,dro_recourse,38973,0.05911474,0,0,0.036462,28,0.0,moderate,clustered,工地道路-施工工地,自查自报
2024-12-06,dro_recourse,38972,0.05569462,0,0,0.130093,28,0.0,low,clustered,工地道路-施工工地,自查自报
2024-12-06,dro_recourse,38971,0.05897306,0,0,0.168218,27,0.0,moderate,clustered,工地道路-施工工地,自查自报
2024-12-06,dro_recourse,38970,0.05645302,0,0,0.195843,22,0.0,low,clustered,工地道路-施工工地,自查自报
2024-12-06,dro_recourse,38969,0.05784083,0,0,0.218368,22,0.0,moderate,clustered,工地道路-施工工地,自查自报
2024-12-06,dro_recourse,38968,0.36345727,0,1,0.037373,22,0.037373,high,clustered,其他面源-固定餐饮,自查自报
2024-12-06,dro_recourse,38967,0.36271661,0,1,0.000778,22,0.000778,high,clustered,其他面源-固定餐饮,自查自报
2024-12-06,dro_recourse,38966,0.36359468,0,1,0.000778,22,0.000778,high,clustered,其他面源-固定餐饮,自查自报
2024-12-06,dro_recourse,38964,0.36377084,0,1,0.001128,22,0.001128,high,clustered,其他面源-固定餐饮,自查自报
2024-12-06,dro_recourse,38965,0.05557828,0,0,0.194716,28,0.0,low,clustered,工地道路-施工工地,自查自报
2024-12-06,dro_recourse,38963,0.36278748,0,1,0.053453,21,0.053453,high,clustered,其他面源-固定餐饮,自查自报
2024-12-06,dro_recourse,38962,0.05813657,0,0,0.049169,28,0.0,moderate,clustered,工地道路-施工工地,自查自报
2024-12-06,dro_recourse,38961,0.05843389,0,0,0.049169,28,0.0,moderate,clustered,工地道路-施工工地,自查自报
2024-12-06,dro_recourse,38960,0.20723872,0,1,0.032015,7,0.032015,moderate,clustered,工业企业,自查自报
2024-12-06,dro_recourse,38959,0.06111862,0,1,0.544959,22,1.070886,moderate,clustered,工地道路-施工工地,自查自报
2024-12-06,dro_recourse,38958,0.0574685,0,1,0.041124,22,0.69954,moderate,clustered,工地道路-施工工地,自查自报
2024-12-06,dro_recourse,38957,0.05523811,0,0,0.285971,22,0.0,low,clustered,工地道路-施工工地,自查自报
2024-12-06,dro_recourse,38955,0.20492934,0,1,0.032015,7,0.032015,moderate,clustered,工业企业,自查自报
2024-12-06,dro_recourse,38956,0.05703496,0,0,0.041124,22,0.0,low,clustered,工地道路-施工工地,自查自报
2024-12-06,dro_recourse,38954,0.05600662,0,0,0.003621,22,0.0,low,clustered,工地道路-施工工地,自查自报
2024-12-06,dro_recourse,38953,0.05603472,0,0,0.003621,22,0.0,low,clustered,工地道路-施工工地,自查自报
2024-12-06,dro_recourse,38952,0.05854532,0,0,0.609909,22,0.0,moderate,clustered,工地道路-施工工地,自查自报
2024-12-06,dro_recourse,38951,0.19012165,0,1,0.445954,7,0.445954,moderate,clustered,工业企业,自查自报
2024-12-06,dro_recourse,38950,0.20515151,1,1,0.342647,7,0.342647,moderate,clustered,工业企业,自查自报
2024-12-06,dro_recourse,38949,0.05822252,0,0,0.411544,7,0.0,moderate,clustered,工地道路-施工工地,自查自报
2024-12-06,dro_recourse,38948,0.20475102,0,1,0.205914,7,0.205914,moderate,clustered,工业企业,自查自报
2024-12-06,dro_recourse,38947,0.2037902,0,1,0.205914,7,0.205914,moderate,clustered,工业企业,自查自报
2024-12-06,dro_recourse,38946,0.21317684,0,1,0.345914,7,0.345914,high,clustered,工业企业,自查自报
2024-12-06,dro_recourse,38945,0.0570367,0,0,0.411544,7,0.0,low,clustered,工地道路-施工工地,自查自报
2024-12-06,dro_recourse,38944,0.05757569,0,0,0.04251,16,0.0,moderate,clustered,工地道路-施工工地,自查自报
2024-12-06,dro_recourse,38943,0.36480405,0,1,0.005261,16,0.005261,high,clustered,其他面源-固定餐饮,自查自报
2024-12-06,dro_recourse,38942,0.36263568,0,1,0.005261,16,0.005261,high,clustered,其他面源-固定餐饮,自查自报
2024-12-06,dro_recourse,38941,0.36255162,0,1,0.010045,16,0.010045,high,clustered,其他面源-固定餐饮,自查自报
2024-12-06,dro_recourse,38940,0.36077673,0,1,0.013861,16,0.013861,high,clustered,其他面源-固定餐饮,自查自报
2024-12-06,dro_recourse,38938,0.35984496,0,1,0.007666,16,0.007666,high,clustered,其他面源-固定餐饮,自查自报
2024-12-06,dro_recourse,38939,0.20556351,1,1,0.345914,7,0.345914,moderate,clustered,工业企业,自查自报
2024-12-15,risk_first,134,0.33317654,1,1,5.734593,0,11.628554,high,isolated,其他面源-加油站,监测报警
2024-12-15,risk_first,39868,0.05479916,0,0,7.202639,0,0.0,low,isolated,工地道路-施工工地,自查自报
2024-12-15,risk_first,39867,0.05683081,0,0,0.163457,11,0.0,moderate,clustered,工地道路-施工工地,自查自报
2024-12-15,risk_first,39866,0.05703383,0,0,0.023196,11,0.0,moderate,clustered,工地道路-施工工地,自查自报
2024-12-15,risk_first,39865,0.05584678,0,0,0.012681,3,0.0,low,clustered,工地道路-施工工地,自查自报
2024-12-15,risk_first,39863,0.05780674,0,0,0.000694,3,0.0,moderate,clustered,工地道路-施工工地,自查自报
2024-12-15,risk_first,39864,0.05680542,0,0,0.023196,11,0.0,low,clustered,工地道路-施工工地,自查自报
2024-12-15,risk_first,39862,0.05665828,0,0,0.000694,3,0.0,low,clustered,工地道路-施工工地,自查自报
2024-12-15,risk_first,39861,0.0588402,0,0,0.124476,11,0.0,moderate,clustered,工地道路-施工工地,自查自报
2024-12-15,risk_first,39859,0.05780855,0,0,0.378468,5,0.0,moderate,clustered,工地道路-施工工地,自查自报
2024-12-15,risk_first,39860,0.05942143,0,1,0.144835,11,0.542052,moderate,clustered,工地道路-施工工地,自查自报
2024-12-15,risk_first,39857,0.05835225,0,0,0.378468,5,0.0,moderate,clustered,工地道路-施工工地,自查自报
2024-12-15,risk_first,39858,0.05829016,0,0,0.20137,11,0.0,moderate,clustered,工地道路-施工工地,自查自报
2024-12-15,risk_first,39856,0.06158759,0,1,0.383836,5,1.385013,high,clustered,工地道路-施工工地,自查自报
2024-12-15,risk_first,39855,0.06000432,0,1,0.174312,11,0.542052,high,clustered,工地道路-施工工地,自查自报
2024-12-15,risk_first,39854,0.05719561,0,0,0.317415,11,0.0,moderate,clustered,工地道路-施工工地,自查自报
2024-12-15,risk_first,39853,0.06332905,0,1,0.33853,5,1.385013,high,clustered,工地道路-施工工地,自查自报
2024-12-15,risk_first,39852,0.05916317,0,1,0.427824,11,0.427824,moderate,clustered,工地道路-施工工地,自查自报
2024-12-15,risk_first,39851,0.05423101,0,0,2.40602,5,0.0,low,clustered,工地道路-施工工地,自查自报
2024-12-15,risk_first,39850,0.05803294,0,0,0.983818,11,0.0,moderate,clustered,工地道路-施工工地,自查自报
2024-12-15,risk_first,39849,0.05982767,0,1,0.427824,11,0.427824,high,clustered,工地道路-施工工地,自查自报
2024-12-15,risk_first,39848,0.06199209,0,1,0.465106,11,0.565102,high,clustered,工地道路-施工工地,自查自报
2024-12-15,risk_first,39847,0.05774883,0,0,0.33853,5,0.0,moderate,clustered,工地道路-施工工地,自查自报
2024-12-15,risk_first,39846,0.05913901,0,1,0.346733,6,0.988402,moderate,clustered,工地道路-施工工地,自查自报
2024-12-15,risk_first,39845,0.0576298,1,0,0.090306,6,0.0,moderate,clustered,工地道路-施工工地,自查自报
2024-12-15,risk_first,39844,0.0571005,0,0,0.182545,6,0.0,moderate,clustered,工地道路-施工工地,自查自报
2024-12-15,risk_first,39843,0.05562834,0,0,0.090306,6,0.0,low,clustered,工地道路-施工工地,自查自报
2024-12-15,risk_first,39842,0.05617702,0,0,0.346733,6,0.0,low,clustered,工地道路-施工工地,自查自报
2024-12-15,risk_first,39841,0.06051294,0,1,0.081686,6,0.081686,high,clustered,工地道路-施工工地,自查自报
2024-12-15,risk_first,39840,0.06054346,0,1,0.081686,6,0.081686,high,clustered,工地道路-施工工地,自查自报
2024-12-15,risk_first,39839,0.05754075,0,0,6.622187,0,0.0,moderate,isolated,工地道路-施工工地,自查自报
2024-12-15,risk_first,39838,0.05780098,0,0,0.0,4,0.0,moderate,clustered,工地道路-施工工地,自查自报
2024-12-15,risk_first,39837,0.057069,0,0,1.683046,3,0.0,moderate,clustered,工地道路-施工工地,自查自报
2024-12-15,risk_first,39836,0.05645663,0,0,0.0,4,0.0,low,clustered,工地道路-施工工地,自查自报
2024-12-15,risk_first,39835,0.0566418,0,0,0.0,4,0.0,low,clustered,工地道路-施工工地,自查自报
2024-12-15,risk_first,39834,0.05728519,0,0,0.28348,4,0.0,moderate,clustered,工地道路-施工工地,自查自报
2024-12-15,risk_first,39833,0.05707629,0,0,0.0,4,0.0,moderate,clustered,工地道路-施工工地,自查自报
2024-12-15,risk_first,46066,0.06961724,0,1,6.585253,0,6.585253,high,isolated,,监测报警
2024-12-15,risk_first,46067,0.07142555,0,1,5.808633,0,11.628554,high,isolated,,监测报警
2024-12-15,risk_first,127144,0.40734254,0,0,35.728472,0,0.0,high,isolated,其他面源-露天焚烧,线上-省高空巡查
2024-12-15,deterministic_sir,134,0.33317654,1,1,5.734593,0,6.111956,high,isolated,其他面源-加油站,监测报警
2024-12-15,deterministic_sir,39868,0.05479916,0,0,7.202639,0,0.0,low,isolated,工地道路-施工工地,自查自报
2024-12-15,deterministic_sir,39867,0.05683081,0,0,0.163457,11,0.0,moderate,clustered,工地道路-施工工地,自查自报
2024-12-15,deterministic_sir,39866,0.05703383,0,0,0.023196,11,0.0,moderate,clustered,工地道路-施工工地,自查自报
2024-12-15,deterministic_sir,39865,0.05584678,0,0,0.012681,3,0.0,low,clustered,工地道路-施工工地,自查自报
2024-12-15,deterministic_sir,39863,0.05780674,0,0,0.000694,3,0.0,moderate,clustered,工地道路-施工工地,自查自报
2024-12-15,deterministic_sir,39864,0.05680542,0,1,0.023196,11,0.142063,low,clustered,工地道路-施工工地,自查自报
2024-12-15,deterministic_sir,39862,0.05665828,0,0,0.000694,3,0.0,low,clustered,工地道路-施工工地,自查自报
2024-12-15,deterministic_sir,39861,0.0588402,0,1,0.124476,11,0.142063,moderate,clustered,工地道路-施工工地,自查自报
2024-12-15,deterministic_sir,39859,0.05780855,0,0,0.378468,5,0.0,moderate,clustered,工地道路-施工工地,自查自报
2024-12-15,deterministic_sir,39860,0.05942143,0,1,0.144835,11,0.144835,moderate,clustered,工地道路-施工工地,自查自报
2024-12-15,deterministic_sir,39857,0.05835225,0,0,0.378468,5,0.0,moderate,clustered,工地道路-施工工地,自查自报
2024-12-15,deterministic_sir,39858,0.05829016,0,0,0.20137,11,0.0,moderate,clustered,工地道路-施工工地,自查自报
2024-12-15,deterministic_sir,39856,0.06158759,0,0,0.383836,5,0.0,high,clustered,工地道路-施工工地,自查自报
2024-12-15,deterministic_sir,39855,0.06000432,0,1,0.174312,11,0.267914,high,clustered,工地道路-施工工地,自查自报
2024-12-15,deterministic_sir,39854,0.05719561,0,1,0.317415,11,0.317415,moderate,clustered,工地道路-施工工地,自查自报
2024-12-15,deterministic_sir,39853,0.06332905,0,0,0.33853,5,0.0,high,clustered,工地道路-施工工地,自查自报
2024-12-15,deterministic_sir,39852,0.05916317,0,1,0.427824,11,0.427824,moderate,clustered,工地道路-施工工地,自查自报
2024-12-15,deterministic_sir,39851,0.05423101,0,0,2.40602,5,0.0,low,clustered,工地道路-施工工地,自查自报
2024-12-15,deterministic_sir,39850,0.05803294,0,1,0.983818,11,0.983818,moderate,clustered,工地道路-施工工地,自查自报
2024-12-15,deterministic_sir,39849,0.05982767,0,1,0.427824,11,0.427824,high,clustered,工地道路-施工工地,自查自报
2024-12-15,deterministic_sir,39848,0.06199209,0,1,0.465106,11,0.465106,high,clustered,工地道路-施工工地,自查自报
2024-12-15,deterministic_sir,39847,0.05774883,0,0,0.33853,5,0.0,moderate,clustered,工地道路-施工工地,自查自报
2024-12-15,deterministic_sir,39846,0.05913901,0,0,0.346733,6,0.0,moderate,clustered,工地道路-施工工地,自查自报
2024-12-15,deterministic_sir,39845,0.0576298,1,1,0.090306,6,0.090306,moderate,clustered,工地道路-施工工地,自查自报
2024-12-15,deterministic_sir,39844,0.0571005,0,1,0.182545,6,0.182545,moderate,clustered,工地道路-施工工地,自查自报
2024-12-15,deterministic_sir,39843,0.05562834,0,1,0.090306,6,0.090306,low,clustered,工地道路-施工工地,自查自报
2024-12-15,deterministic_sir,39842,0.05617702,0,1,0.346733,6,0.77635,low,clustered,工地道路-施工工地,自查自报
2024-12-15,deterministic_sir,39841,0.06051294,0,1,0.081686,6,0.081686,high,clustered,工地道路-施工工地,自查自报
2024-12-15,deterministic_sir,39840,0.06054346,0,1,0.081686,6,0.081686,high,clustered,工地道路-施工工地,自查自报
2024-12-15,deterministic_sir,39839,0.05754075,0,0,6.622187,0,0.0,moderate,isolated,工地道路-施工工地,自查自报
2024-12-15,deterministic_sir,39838,0.05780098,0,1,0.0,4,0.0,moderate,clustered,工地道路-施工工地,自查自报
2024-12-15,deterministic_sir,39837,0.057069,0,1,1.683046,3,5.808633,moderate,clustered,工地道路-施工工地,自查自报
2024-12-15,deterministic_sir,39836,0.05645663,0,1,0.0,4,0.592426,low,clustered,工地道路-施工工地,自查自报
2024-12-15,deterministic_sir,39835,0.0566418,0,0,0.0,4,0.0,low,clustered,工地道路-施工工地,自查自报
2024-12-15,deterministic_sir,39834,0.05728519,0,0,0.28348,4,0.0,moderate,clustered,工地道路-施工工地,自查自报
2024-12-15,deterministic_sir,39833,0.05707629,0,1,0.0,4,0.0,moderate,clustered,工地道路-施工工地,自查自报
2024-12-15,deterministic_sir,46066,0.06961724,0,0,6.585253,0,0.0,high,isolated,,监测报警
2024-12-15,deterministic_sir,46067,0.07142555,0,1,5.808633,0,5.808633,high,isolated,,监测报警
2024-12-15,deterministic_sir,127144,0.40734254,0,0,35.728472,0,0.0,high,isolated,其他面源-露天焚烧,线上-省高空巡查
2024-12-15,saa_no_recourse,134,0.33317654,1,1,5.734593,0,5.744154,high,isolated,其他面源-加油站,监测报警
2024-12-15,saa_no_recourse,39868,0.05479916,0,0,7.202639,0,0.0,low,isolated,工地道路-施工工地,自查自报
2024-12-15,saa_no_recourse,39867,0.05683081,0,0,0.163457,11,0.0,moderate,clustered,工地道路-施工工地,自查自报
2024-12-15,saa_no_recourse,39866,0.05703383,0,0,0.023196,11,0.0,moderate,clustered,工地道路-施工工地,自查自报
2024-12-15,saa_no_recourse,39865,0.05584678,0,0,0.012681,3,0.0,low,clustered,工地道路-施工工地,自查自报
2024-12-15,saa_no_recourse,39863,0.05780674,0,0,0.000694,3,0.0,moderate,clustered,工地道路-施工工地,自查自报
2024-12-15,saa_no_recourse,39864,0.05680542,0,0,0.023196,11,0.0,low,clustered,工地道路-施工工地,自查自报
2024-12-15,saa_no_recourse,39862,0.05665828,0,1,0.000694,3,5.744154,low,clustered,工地道路-施工工地,自查自报
2024-12-15,saa_no_recourse,39861,0.0588402,0,0,0.124476,11,0.0,moderate,clustered,工地道路-施工工地,自查自报
2024-12-15,saa_no_recourse,39859,0.05780855,0,0,0.378468,5,0.0,moderate,clustered,工地道路-施工工地,自查自报
2024-12-15,saa_no_recourse,39860,0.05942143,0,1,0.144835,11,0.542052,moderate,clustered,工地道路-施工工地,自查自报
2024-12-15,saa_no_recourse,39857,0.05835225,0,1,0.378468,5,0.383836,moderate,clustered,工地道路-施工工地,自查自报
2024-12-15,saa_no_recourse,39858,0.05829016,0,0,0.20137,11,0.0,moderate,clustered,工地道路-施工工地,自查自报
2024-12-15,saa_no_recourse,39856,0.06158759,0,1,0.383836,5,0.383836,high,clustered,工地道路-施工工地,自查自报
2024-12-15,saa_no_recourse,39855,0.06000432,0,1,0.174312,11,0.542052,high,clustered,工地道路-施工工地,自查自报
2024-12-15,saa_no_recourse,39854,0.05719561,0,0,0.317415,11,0.0,moderate,clustered,工地道路-施工工地,自查自报
2024-12-15,saa_no_recourse,39853,0.06332905,0,0,0.33853,5,0.0,high,clustered,工地道路-施工工地,自查自报
2024-12-15,saa_no_recourse,39852,0.05916317,0,0,0.427824,11,0.0,moderate,clustered,工地道路-施工工地,自查自报
2024-12-15,saa_no_recourse,39851,0.05423101,0,1,2.40602,5,4.097369,low,clustered,工地道路-施工工地,自查自报
2024-12-15,saa_no_recourse,39850,0.05803294,0,0,0.983818,11,0.0,moderate,clustered,工地道路-施工工地,自查自报
2024-12-15,saa_no_recourse,39849,0.05982767,0,1,0.427824,11,0.560456,high,clustered,工地道路-施工工地,自查自报
2024-12-15,saa_no_recourse,39848,0.06199209,0,1,0.465106,11,0.565102,high,clustered,工地道路-施工工地,自查自报
2024-12-15,saa_no_recourse,39847,0.05774883,0,0,0.33853,5,0.0,moderate,clustered,工地道路-施工工地,自查自报
2024-12-15,saa_no_recourse,39846,0.05913901,0,0,0.346733,6,0.0,moderate,clustered,工地道路-施工工地,自查自报
2024-12-15,saa_no_recourse,39845,0.0576298,1,0,0.090306,6,0.0,moderate,clustered,工地道路-施工工地,自查自报
2024-12-15,saa_no_recourse,39844,0.0571005,0,0,0.182545,6,0.0,moderate,clustered,工地道路-施工工地,自查自报
2024-12-15,saa_no_recourse,39843,0.05562834,0,0,0.090306,6,0.0,low,clustered,工地道路-施工工地,自查自报
2024-12-15,saa_no_recourse,39842,0.05617702,0,0,0.346733,6,0.0,low,clustered,工地道路-施工工地,自查自报
2024-12-15,saa_no_recourse,39841,0.06051294,0,0,0.081686,6,0.0,high,clustered,工地道路-施工工地,自查自报
2024-12-15,saa_no_recourse,39840,0.06054346,0,0,0.081686,6,0.0,high,clustered,工地道路-施工工地,自查自报
2024-12-15,saa_no_recourse,39839,0.05754075,0,0,6.622187,0,0.0,moderate,isolated,工地道路-施工工地,自查自报
2024-12-15,saa_no_recourse,39838,0.05780098,0,0,0.0,4,0.0,moderate,clustered,工地道路-施工工地,自查自报
2024-12-15,saa_no_recourse,39837,0.057069,0,0,1.683046,3,0.0,moderate,clustered,工地道路-施工工地,自查自报
2024-12-15,saa_no_recourse,39836,0.05645663,0,0,0.0,4,0.0,low,clustered,工地道路-施工工地,自查自报
2024-12-15,saa_no_recourse,39835,0.0566418,0,0,0.0,4,0.0,low,clustered,工地道路-施工工地,自查自报
2024-12-15,saa_no_recourse,39834,0.05728519,0,0,0.28348,4,0.0,moderate,clustered,工地道路-施工工地,自查自报
2024-12-15,saa_no_recourse,39833,0.05707629,0,0,0.0,4,0.0,moderate,clustered,工地道路-施工工地,自查自报
2024-12-15,saa_no_recourse,46066,0.06961724,0,1,6.585253,0,6.585253,high,isolated,,监测报警
2024-12-15,saa_no_recourse,46067,0.07142555,0,1,5.808633,0,7.114197,high,isolated,,监测报警
2024-12-15,saa_no_recourse,127144,0.40734254,0,1,35.728472,0,35.728472,high,isolated,其他面源-露天焚烧,线上-省高空巡查
2024-12-15,two_stage_recourse,134,0.33317654,1,1,5.734593,0,5.744154,high,isolated,其他面源-加油站,监测报警
2024-12-15,two_stage_recourse,39868,0.05479916,0,1,7.202639,0,7.239271,low,isolated,工地道路-施工工地,自查自报
2024-12-15,two_stage_recourse,39867,0.05683081,0,0,0.163457,11,0.0,moderate,clustered,工地道路-施工工地,自查自报
2024-12-15,two_stage_recourse,39866,0.05703383,0,0,0.023196,11,0.0,moderate,clustered,工地道路-施工工地,自查自报
2024-12-15,two_stage_recourse,39865,0.05584678,0,0,0.012681,3,0.0,low,clustered,工地道路-施工工地,自查自报
2024-12-15,two_stage_recourse,39863,0.05780674,0,0,0.000694,3,0.0,moderate,clustered,工地道路-施工工地,自查自报
2024-12-15,two_stage_recourse,39864,0.05680542,0,0,0.023196,11,0.0,low,clustered,工地道路-施工工地,自查自报
2024-12-15,two_stage_recourse,39862,0.05665828,0,1,0.000694,3,5.744154,low,clustered,工地道路-施工工地,自查自报
2024-12-15,two_stage_recourse,39861,0.0588402,0,0,0.124476,11,0.0,moderate,clustered,工地道路-施工工地,自查自报
2024-12-15,two_stage_recourse,39859,0.05780855,0,0,0.378468,5,0.0,moderate,clustered,工地道路-施工工地,自查自报
2024-12-15,two_stage_recourse,39860,0.05942143,0,0,0.144835,11,0.0,moderate,clustered,工地道路-施工工地,自查自报
2024-12-15,two_stage_recourse,39857,0.05835225,0,0,0.378468,5,0.0,moderate,clustered,工地道路-施工工地,自查自报
2024-12-15,two_stage_recourse,39858,0.05829016,0,0,0.20137,11,0.0,moderate,clustered,工地道路-施工工地,自查自报
2024-12-15,two_stage_recourse,39856,0.06158759,0,1,0.383836,5,16.807222,high,clustered,工地道路-施工工地,自查自报
2024-12-15,two_stage_recourse,39855,0.06000432,0,1,0.174312,11,0.560456,high,clustered,工地道路-施工工地,自查自报
2024-12-15,two_stage_recourse,39854,0.05719561,0,0,0.317415,11,0.0,moderate,clustered,工地道路-施工工地,自查自报
2024-12-15,two_stage_recourse,39853,0.06332905,0,0,0.33853,5,0.0,high,clustered,工地道路-施工工地,自查自报
2024-12-15,two_stage_recourse,39852,0.05916317,0,0,0.427824,11,0.0,moderate,clustered,工地道路-施工工地,自查自报
2024-12-15,two_stage_recourse,39851,0.05423101,0,0,2.40602,5,0.0,low,clustered,工地道路-施工工地,自查自报
2024-12-15,two_stage_recourse,39850,0.05803294,0,0,0.983818,11,0.0,moderate,clustered,工地道路-施工工地,自查自报
2024-12-15,two_stage_recourse,39849,0.05982767,0,1,0.427824,11,0.560456,high,clustered,工地道路-施工工地,自查自报
2024-12-15,two_stage_recourse,39848,0.06199209,0,1,0.465106,11,0.777547,high,clustered,工地道路-施工工地,自查自报
2024-12-15,two_stage_recourse,39847,0.05774883,0,0,0.33853,5,0.0,moderate,clustered,工地道路-施工工地,自查自报
2024-12-15,two_stage_recourse,39846,0.05913901,0,1,0.346733,6,0.705002,moderate,clustered,工地道路-施工工地,自查自报
2024-12-15,two_stage_recourse,39845,0.0576298,1,0,0.090306,6,0.0,moderate,clustered,工地道路-施工工地,自查自报
2024-12-15,two_stage_recourse,39844,0.0571005,0,1,0.182545,6,0.705002,moderate,clustered,工地道路-施工工地,自查自报
2024-12-15,two_stage_recourse,39843,0.05562834,0,0,0.090306,6,0.0,low,clustered,工地道路-施工工地,自查自报
2024-12-15,two_stage_recourse,39842,0.05617702,0,0,0.346733,6,0.0,low,clustered,工地道路-施工工地,自查自报
2024-12-15,two_stage_recourse,39841,0.06051294,0,0,0.081686,6,0.0,high,clustered,工地道路-施工工地,自查自报
2024-12-15,two_stage_recourse,39840,0.06054346,0,0,0.081686,6,0.0,high,clustered,工地道路-施工工地,自查自报
2024-12-15,two_stage_recourse,39839,0.05754075,0,0,6.622187,0,0.0,moderate,isolated,工地道路-施工工地,自查自报
2024-12-15,two_stage_recourse,39838,0.05780098,0,0,0.0,4,0.0,moderate,clustered,工地道路-施工工地,自查自报
2024-12-15,two_stage_recourse,39837,0.057069,0,0,1.683046,3,0.0,moderate,clustered,工地道路-施工工地,自查自报
2024-12-15,two_stage_recourse,39836,0.05645663,0,0,0.0,4,0.0,low,clustered,工地道路-施工工地,自查自报
2024-12-15,two_stage_recourse,39835,0.0566418,0,1,0.0,4,0.649172,low,clustered,工地道路-施工工地,自查自报
2024-12-15,two_stage_recourse,39834,0.05728519,0,1,0.28348,4,0.649172,moderate,clustered,工地道路-施工工地,自查自报
2024-12-15,two_stage_recourse,39833,0.05707629,0,0,0.0,4,0.0,moderate,clustered,工地道路-施工工地,自查自报
2024-12-15,two_stage_recourse,46066,0.06961724,0,1,6.585253,0,6.585253,high,isolated,,监测报警
2024-12-15,two_stage_recourse,46067,0.07142555,0,1,5.808633,0,6.537664,high,isolated,,监测报警
2024-12-15,two_stage_recourse,127144,0.40734254,0,0,35.728472,0,0.0,high,isolated,其他面源-露天焚烧,线上-省高空巡查
2024-12-15,dro_recourse,134,0.33317654,1,1,5.734593,0,11.628554,high,isolated,其他面源-加油站,监测报警
2024-12-15,dro_recourse,39868,0.05479916,0,0,7.202639,0,0.0,low,isolated,工地道路-施工工地,自查自报
2024-12-15,dro_recourse,39867,0.05683081,0,0,0.163457,11,0.0,moderate,clustered,工地道路-施工工地,自查自报
2024-12-15,dro_recourse,39866,0.05703383,0,0,0.023196,11,0.0,moderate,clustered,工地道路-施工工地,自查自报
2024-12-15,dro_recourse,39865,0.05584678,0,0,0.012681,3,0.0,low,clustered,工地道路-施工工地,自查自报
2024-12-15,dro_recourse,39863,0.05780674,0,0,0.000694,3,0.0,moderate,clustered,工地道路-施工工地,自查自报
2024-12-15,dro_recourse,39864,0.05680542,0,0,0.023196,11,0.0,low,clustered,工地道路-施工工地,自查自报
2024-12-15,dro_recourse,39862,0.05665828,0,0,0.000694,3,0.0,low,clustered,工地道路-施工工地,自查自报
2024-12-15,dro_recourse,39861,0.0588402,0,0,0.124476,11,0.0,moderate,clustered,工地道路-施工工地,自查自报
2024-12-15,dro_recourse,39859,0.05780855,0,0,0.378468,5,0.0,moderate,clustered,工地道路-施工工地,自查自报
2024-12-15,dro_recourse,39860,0.05942143,0,1,0.144835,11,0.20137,moderate,clustered,工地道路-施工工地,自查自报
2024-12-15,dro_recourse,39857,0.05835225,0,1,0.378468,5,0.383836,moderate,clustered,工地道路-施工工地,自查自报
2024-12-15,dro_recourse,39858,0.05829016,0,1,0.20137,11,0.20137,moderate,clustered,工地道路-施工工地,自查自报
2024-12-15,dro_recourse,39856,0.06158759,0,1,0.383836,5,0.383836,high,clustered,工地道路-施工工地,自查自报
2024-12-15,dro_recourse,39855,0.06000432,0,1,0.174312,11,0.366295,high,clustered,工地道路-施工工地,自查自报
2024-12-15,dro_recourse,39854,0.05719561,0,1,0.317415,11,0.366295,moderate,clustered,工地道路-施工工地,自查自报
2024-12-15,dro_recourse,39853,0.06332905,0,0,0.33853,5,0.0,high,clustered,工地道路-施工工地,自查自报
2024-12-15,dro_recourse,39852,0.05916317,0,0,0.427824,11,0.0,moderate,clustered,工地道路-施工工地,自查自报
2024-12-15,dro_recourse,39851,0.05423101,0,0,2.40602,5,0.0,low,clustered,工地道路-施工工地,自查自报
2024-12-15,dro_recourse,39850,0.05803294,0,0,0.983818,11,0.0,moderate,clustered,工地道路-施工工地,自查自报
2024-12-15,dro_recourse,39849,0.05982767,0,1,0.427824,11,0.560456,high,clustered,工地道路-施工工地,自查自报
2024-12-15,dro_recourse,39848,0.06199209,0,1,0.465106,11,0.465106,high,clustered,工地道路-施工工地,自查自报
2024-12-15,dro_recourse,39847,0.05774883,0,1,0.33853,5,1.722032,moderate,clustered,工地道路-施工工地,自查自报
2024-12-15,dro_recourse,39846,0.05913901,0,0,0.346733,6,0.0,moderate,clustered,工地道路-施工工地,自查自报
2024-12-15,dro_recourse,39845,0.0576298,1,0,0.090306,6,0.0,moderate,clustered,工地道路-施工工地,自查自报
2024-12-15,dro_recourse,39844,0.0571005,0,0,0.182545,6,0.0,moderate,clustered,工地道路-施工工地,自查自报
2024-12-15,dro_recourse,39843,0.05562834,0,0,0.090306,6,0.0,low,clustered,工地道路-施工工地,自查自报
2024-12-15,dro_recourse,39842,0.05617702,0,0,0.346733,6,0.0,low,clustered,工地道路-施工工地,自查自报
2024-12-15,dro_recourse,39841,0.06051294,0,1,0.081686,6,6.943355,high,clustered,工地道路-施工工地,自查自报
2024-12-15,dro_recourse,39840,0.06054346,0,0,0.081686,6,0.0,high,clustered,工地道路-施工工地,自查自报
2024-12-15,dro_recourse,39839,0.05754075,0,1,6.622187,0,6.622187,moderate,isolated,工地道路-施工工地,自查自报
2024-12-15,dro_recourse,39838,0.05780098,0,0,0.0,4,0.0,moderate,clustered,工地道路-施工工地,自查自报
2024-12-15,dro_recourse,39837,0.057069,0,0,1.683046,3,0.0,moderate,clustered,工地道路-施工工地,自查自报
2024-12-15,dro_recourse,39836,0.05645663,0,0,0.0,4,0.0,low,clustered,工地道路-施工工地,自查自报
2024-12-15,dro_recourse,39835,0.0566418,0,0,0.0,4,0.0,low,clustered,工地道路-施工工地,自查自报
2024-12-15,dro_recourse,39834,0.05728519,0,1,0.28348,4,0.28348,moderate,clustered,工地道路-施工工地,自查自报
2024-12-15,dro_recourse,39833,0.05707629,0,1,0.0,4,0.28348,moderate,clustered,工地道路-施工工地,自查自报
2024-12-15,dro_recourse,46066,0.06961724,0,0,6.585253,0,0.0,high,isolated,,监测报警
2024-12-15,dro_recourse,46067,0.07142555,0,1,5.808633,0,6.537664,high,isolated,,监测报警
2024-12-15,dro_recourse,127144,0.40734254,0,0,35.728472,0,0.0,high,isolated,其他面源-露天焚烧,线上-省高空巡查
2024-12-16,risk_first,39993,0.05749972,0,0,0.452532,8,0.0,moderate,clustered,工地道路-施工工地,自查自报
2024-12-16,risk_first,39992,0.05614549,0,0,0.115223,8,0.0,low,clustered,工地道路-施工工地,自查自报
2024-12-16,risk_first,39991,0.05785127,0,0,0.146164,11,0.0,moderate,clustered,工地道路-施工工地,自查自报
2024-12-16,risk_first,39989,0.06008839,0,1,0.065974,8,12.372939,moderate,clustered,工地道路-施工工地,自查自报
2024-12-16,risk_first,39990,0.0580547,0,0,0.065974,8,0.0,moderate,clustered,工地道路-施工工地,自查自报
2024-12-16,risk_first,39988,0.06099958,0,1,0.307178,11,0.307178,moderate,clustered,工地道路-施工工地,自查自报
2024-12-16,risk_first,39987,0.05667748,0,0,0.534304,11,0.0,low,clustered,工地道路-施工工地,自查自报
2024-12-16,risk_first,39986,0.0557089,0,0,0.115223,8,0.0,low,clustered,工地道路-施工工地,自查自报
2024-12-16,risk_first,39985,0.06142241,0,1,0.146164,11,0.307178,high,clustered,工地道路-施工工地,自查自报
2024-12-16,risk_first,39984,0.05705571,0,0,0.076178,8,0.0,low,clustered,工地道路-施工工地,自查自报
2024-12-16,risk_first,39983,0.05798006,0,0,0.076178,8,0.0,moderate,clustered,工地道路-施工工地,自查自报
2024-12-16,risk_first,39982,0.05507855,0,0,0.112419,11,0.0,low,clustered,工地道路-施工工地,自查自报
2024-12-16,risk_first,39981,0.1985236,0,1,1.189365,3,1.189365,high,clustered,工业企业,自查自报
2024-12-16,risk_first,39980,0.06214915,0,1,0.661645,5,1.986884,high,clustered,工地道路-施工工地,自查自报
2024-12-16,risk_first,39979,0.05971052,1,1,0.112419,11,0.585106,moderate,clustered,工地道路-施工工地,自查自报
2024-12-16,risk_first,39978,0.06120992,0,1,0.364827,11,0.585106,moderate,clustered,工地道路-施工工地,自查自报
2024-12-16,risk_first,39977,0.05847089,0,0,0.661645,5,0.0,moderate,clustered,工地道路-施工工地,自查自报
2024-12-16,risk_first,39976,0.05869623,0,0,0.017082,11,0.0,moderate,clustered,工地道路-施工工地,自查自报
2024-12-16,risk_first,39975,0.05846512,0,0,0.017082,11,0.0,moderate,clustered,工地道路-施工工地,自查自报
2024-12-16,risk_first,39974,0.05925688,0,0,0.221493,11,0.0,moderate,clustered,工地道路-施工工地,自查自报
2024-12-16,risk_first,39973,0.06055263,0,1,0.003389,5,1.986884,moderate,clustered,工地道路-施工工地,自查自报
2024-12-16,risk_first,39972,0.05629367,0,0,0.003389,5,0.0,low,clustered,工地道路-施工工地,自查自报
2024-12-16,risk_first,39971,0.05944759,0,0,0.193793,5,0.0,moderate,clustered,工地道路-施工工地,自查自报
2024-12-16,risk_first,39970,0.20543288,0,1,0.001386,3,0.001386,high,clustered,工业企业,自查自报
2024-12-16,risk_first,39969,0.05855976,0,0,0.839026,5,0.0,moderate,clustered,工地道路-施工工地,自查自报
2024-12-16,risk_first,39968,0.20692385,0,1,0.001386,3,0.001386,high,clustered,工业企业,自查自报
2024-12-16,risk_first,39967,0.21537008,0,1,0.416362,3,0.416362,high,clustered,工业企业,自查自报
2024-12-16,risk_first,39966,0.20555748,1,1,0.328403,3,0.328403,high,clustered,工业企业,自查自报
2024-12-16,risk_first,39965,0.19377495,0,1,0.622956,3,0.622956,high,clustered,工业企业,自查自报
2024-12-16,risk_first,39964,0.05758741,0,0,0.717837,8,0.0,moderate,clustered,工地道路-施工工地,自查自报
2024-12-16,risk_first,39963,0.20822112,0,1,0.328403,3,0.328403,high,clustered,工业企业,自查自报
2024-12-16,risk_first,39962,0.05849566,0,0,1.522738,8,0.0,moderate,clustered,工地道路-施工工地,自查自报
2024-12-16,risk_first,39961,0.05725815,0,0,0.473796,4,0.0,moderate,clustered,工地道路-施工工地,自查自报
2024-12-16,risk_first,39959,0.06163195,0,1,0.008572,4,0.008572,high,clustered,工地道路-施工工地,自查自报
2024-12-16,risk_first,39960,0.06049633,0,1,0.008572,4,0.008572,moderate,clustered,工地道路-施工工地,自查自报
2024-12-16,risk_first,39958,0.20481353,1,1,1.030717,3,1.030717,high,clustered,工业企业,自查自报
2024-12-16,risk_first,39957,0.05727687,0,0,0.274909,11,0.0,moderate,clustered,工地道路-施工工地,自查自报
2024-12-16,risk_first,39956,0.05710105,0,0,0.086547,4,0.0,low,clustered,工地道路-施工工地,自查自报
2024-12-16,risk_first,39955,0.05678659,0,0,0.086547,4,0.0,low,clustered,工地道路-施工工地,自查自报
2024-12-16,risk_first,39954,0.05557699,0,0,0.251301,11,0.0,low,clustered,工地道路-施工工地,自查自报
2024-12-16,deterministic_sir,39993,0.05749972,0,0,0.452532,8,0.0,moderate,clustered,工地道路-施工工地,自查自报
2024-12-16,deterministic_sir,39992,0.05614549,0,0,0.115223,8,0.0,low,clustered,工地道路-施工工地,自查自报
2024-12-16,deterministic_sir,39991,0.05785127,0,1,0.146164,11,0.435316,moderate,clustered,工地道路-施工工地,自查自报
2024-12-16,deterministic_sir,39989,0.06008839,0,0,0.065974,8,0.0,moderate,clustered,工地道路-施工工地,自查自报
2024-12-16,deterministic_sir,39990,0.0580547,0,0,0.065974,8,0.0,moderate,clustered,工地道路-施工工地,自查自报
2024-12-16,deterministic_sir,39988,0.06099958,0,1,0.307178,11,0.435316,moderate,clustered,工地道路-施工工地,自查自报
2024-12-16,deterministic_sir,39987,0.05667748,0,0,0.534304,11,0.0,low,clustered,工地道路-施工工地,自查自报
2024-12-16,deterministic_sir,39986,0.0557089,0,0,0.115223,8,0.0,low,clustered,工地道路-施工工地,自查自报
2024-12-16,deterministic_sir,39985,0.06142241,0,0,0.146164,11,0.0,high,clustered,工地道路-施工工地,自查自报
2024-12-16,deterministic_sir,39984,0.05705571,0,0,0.076178,8,0.0,low,clustered,工地道路-施工工地,自查自报
2024-12-16,deterministic_sir,39983,0.05798006,0,0,0.076178,8,0.0,moderate,clustered,工地道路-施工工地,自查自报
2024-12-16,deterministic_sir,39982,0.05507855,0,0,0.112419,11,0.0,low,clustered,工地道路-施工工地,自查自报
2024-12-16,deterministic_sir,39981,0.1985236,0,1,1.189365,3,1.189365,high,clustered,工业企业,自查自报
2024-12-16,deterministic_sir,39980,0.06214915,0,1,0.661645,5,1.986884,high,clustered,工地道路-施工工地,自查自报
2024-12-16,deterministic_sir,39979,0.05971052,1,1,0.112419,11,0.585106,moderate,clustered,工地道路-施工工地,自查自报
2024-12-16,deterministic_sir,39978,0.06120992,0,1,0.364827,11,0.369753,moderate,clustered,工地道路-施工工地,自查自报
2024-12-16,deterministic_sir,39977,0.05847089,0,0,0.661645,5,0.0,moderate,clustered,工地道路-施工工地,自查自报
2024-12-16,deterministic_sir,39976,0.05869623,0,0,0.017082,11,0.0,moderate,clustered,工地道路-施工工地,自查自报
2024-12-16,deterministic_sir,39975,0.05846512,0,1,0.017082,11,0.233299,moderate,clustered,工地道路-施工工地,自查自报
2024-12-16,deterministic_sir,39974,0.05925688,0,1,0.221493,11,0.233299,moderate,clustered,工地道路-施工工地,自查自报
2024-12-16,deterministic_sir,39973,0.06055263,0,1,0.003389,5,1.986884,moderate,clustered,工地道路-施工工地,自查自报
2024-12-16,deterministic_sir,39972,0.05629367,0,0,0.003389,5,0.0,low,clustered,工地道路-施工工地,自查自报
2024-12-16,deterministic_sir,39971,0.05944759,0,0,0.193793,5,0.0,moderate,clustered,工地道路-施工工地,自查自报
2024-12-16,deterministic_sir,39970,0.20543288,0,1,0.001386,3,0.001386,high,clustered,工业企业,自查自报
2024-12-16,deterministic_sir,39969,0.05855976,0,0,0.839026,5,0.0,moderate,clustered,工地道路-施工工地,自查自报
2024-12-16,deterministic_sir,39968,0.20692385,0,1,0.001386,3,0.001386,high,clustered,工业企业,自查自报
2024-12-16,deterministic_sir,39967,0.21537008,0,1,0.416362,3,0.416362,high,clustered,工业企业,自查自报
2024-12-16,deterministic_sir,39966,0.20555748,1,1,0.328403,3,0.328403,high,clustered,工业企业,自查自报
2024-12-16,deterministic_sir,39965,0.19377495,0,1,0.622956,3,0.622956,high,clustered,工业企业,自查自报
2024-12-16,deterministic_sir,39964,0.05758741,0,0,0.717837,8,0.0,moderate,clustered,工地道路-施工工地,自查自报
2024-12-16,deterministic_sir,39963,0.20822112,0,1,0.328403,3,0.328403,high,clustered,工业企业,自查自报
2024-12-16,deterministic_sir,39962,0.05849566,0,0,1.522738,8,0.0,moderate,clustered,工地道路-施工工地,自查自报
2024-12-16,deterministic_sir,39961,0.05725815,0,0,0.473796,4,0.0,moderate,clustered,工地道路-施工工地,自查自报
2024-12-16,deterministic_sir,39959,0.06163195,0,1,0.008572,4,0.393229,high,clustered,工地道路-施工工地,自查自报
2024-12-16,deterministic_sir,39960,0.06049633,0,0,0.008572,4,0.0,moderate,clustered,工地道路-施工工地,自查自报
2024-12-16,deterministic_sir,39958,0.20481353,1,1,1.030717,3,1.030717,high,clustered,工业企业,自查自报
2024-12-16,deterministic_sir,39957,0.05727687,0,0,0.274909,11,0.0,moderate,clustered,工地道路-施工工地,自查自报
2024-12-16,deterministic_sir,39956,0.05710105,0,0,0.086547,4,0.0,low,clustered,工地道路-施工工地,自查自报
2024-12-16,deterministic_sir,39955,0.05678659,0,1,0.086547,4,0.393229,low,clustered,工地道路-施工工地,自查自报
2024-12-16,deterministic_sir,39954,0.05557699,0,0,0.251301,11,0.0,low,clustered,工地道路-施工工地,自查自报
2024-12-16,saa_no_recourse,39993,0.05749972,0,0,0.452532,8,0.0,moderate,clustered,工地道路-施工工地,自查自报
2024-12-16,saa_no_recourse,39992,0.05614549,0,0,0.115223,8,0.0,low,clustered,工地道路-施工工地,自查自报
2024-12-16,saa_no_recourse,39991,0.05785127,0,0,0.146164,11,0.0,moderate,clustered,工地道路-施工工地,自查自报
2024-12-16,saa_no_recourse,39989,0.06008839,0,1,0.065974,8,12.372939,moderate,clustered,工地道路-施工工地,自查自报
2024-12-16,saa_no_recourse,39990,0.0580547,0,0,0.065974,8,0.0,moderate,clustered,工地道路-施工工地,自查自报
2024-12-16,saa_no_recourse,39988,0.06099958,0,1,0.307178,11,3.048873,moderate,clustered,工地道路-施工工地,自查自报
2024-12-16,saa_no_recourse,39987,0.05667748,0,0,0.534304,11,0.0,low,clustered,工地道路-施工工地,自查自报
2024-12-16,saa_no_recourse,39986,0.0557089,0,0,0.115223,8,0.0,low,clustered,工地道路-施工工地,自查自报
2024-12-16,saa_no_recourse,39985,0.06142241,0,0,0.146164,11,0.0,high,clustered,工地道路-施工工地,自查自报
2024-12-16,saa_no_recourse,39984,0.05705571,0,0,0.076178,8,0.0,low,clustered,工地道路-施工工地,自查自报
2024-12-16,saa_no_recourse,39983,0.05798006,0,0,0.076178,8,0.0,moderate,clustered,工地道路-施工工地,自查自报
2024-12-16,saa_no_recourse,39982,0.05507855,0,0,0.112419,11,0.0,low,clustered,工地道路-施工工地,自查自报
2024-12-16,saa_no_recourse,39981,0.1985236,0,1,1.189365,3,1.189365,high,clustered,工业企业,自查自报
2024-12-16,saa_no_recourse,39980,0.06214915,0,1,0.661645,5,1.986884,high,clustered,工地道路-施工工地,自查自报
2024-12-16,saa_no_recourse,39979,0.05971052,1,1,0.112419,11,3.048873,moderate,clustered,工地道路-施工工地,自查自报
2024-12-16,saa_no_recourse,39978,0.06120992,0,0,0.364827,11,0.0,moderate,clustered,工地道路-施工工地,自查自报
2024-12-16,saa_no_recourse,39977,0.05847089,0,0,0.661645,5,0.0,moderate,clustered,工地道路-施工工地,自查自报
2024-12-16,saa_no_recourse,39976,0.05869623,0,0,0.017082,11,0.0,moderate,clustered,工地道路-施工工地,自查自报
2024-12-16,saa_no_recourse,39975,0.05846512,0,0,0.017082,11,0.0,moderate,clustered,工地道路-施工工地,自查自报
2024-12-16,saa_no_recourse,39974,0.05925688,0,0,0.221493,11,0.0,moderate,clustered,工地道路-施工工地,自查自报
2024-12-16,saa_no_recourse,39973,0.06055263,0,1,0.003389,5,1.986884,moderate,clustered,工地道路-施工工地,自查自报
2024-12-16,saa_no_recourse,39972,0.05629367,0,0,0.003389,5,0.0,low,clustered,工地道路-施工工地,自查自报
2024-12-16,saa_no_recourse,39971,0.05944759,0,0,0.193793,5,0.0,moderate,clustered,工地道路-施工工地,自查自报
2024-12-16,saa_no_recourse,39970,0.20543288,0,1,0.001386,3,0.001386,high,clustered,工业企业,自查自报
2024-12-16,saa_no_recourse,39969,0.05855976,0,0,0.839026,5,0.0,moderate,clustered,工地道路-施工工地,自查自报
2024-12-16,saa_no_recourse,39968,0.20692385,0,1,0.001386,3,0.001386,high,clustered,工业企业,自查自报
2024-12-16,saa_no_recourse,39967,0.21537008,0,1,0.416362,3,0.416362,high,clustered,工业企业,自查自报
2024-12-16,saa_no_recourse,39966,0.20555748,1,1,0.328403,3,0.328403,high,clustered,工业企业,自查自报
2024-12-16,saa_no_recourse,39965,0.19377495,0,1,0.622956,3,0.622956,high,clustered,工业企业,自查自报
2024-12-16,saa_no_recourse,39964,0.05758741,0,0,0.717837,8,0.0,moderate,clustered,工地道路-施工工地,自查自报
2024-12-16,saa_no_recourse,39963,0.20822112,0,1,0.328403,3,0.328403,high,clustered,工业企业,自查自报
2024-12-16,saa_no_recourse,39962,0.05849566,0,0,1.522738,8,0.0,moderate,clustered,工地道路-施工工地,自查自报
2024-12-16,saa_no_recourse,39961,0.05725815,0,0,0.473796,4,0.0,moderate,clustered,工地道路-施工工地,自查自报
2024-12-16,saa_no_recourse,39959,0.06163195,0,1,0.008572,4,0.008572,high,clustered,工地道路-施工工地,自查自报
2024-12-16,saa_no_recourse,39960,0.06049633,0,1,0.008572,4,0.008572,moderate,clustered,工地道路-施工工地,自查自报
2024-12-16,saa_no_recourse,39958,0.20481353,1,1,1.030717,3,1.030717,high,clustered,工业企业,自查自报
2024-12-16,saa_no_recourse,39957,0.05727687,0,0,0.274909,11,0.0,moderate,clustered,工地道路-施工工地,自查自报
2024-12-16,saa_no_recourse,39956,0.05710105,0,0,0.086547,4,0.0,low,clustered,工地道路-施工工地,自查自报
2024-12-16,saa_no_recourse,39955,0.05678659,0,1,0.086547,4,0.384687,low,clustered,工地道路-施工工地,自查自报
2024-12-16,saa_no_recourse,39954,0.05557699,0,0,0.251301,11,0.0,low,clustered,工地道路-施工工地,自查自报
2024-12-16,two_stage_recourse,39993,0.05749972,0,0,0.452532,8,0.0,moderate,clustered,工地道路-施工工地,自查自报
2024-12-16,two_stage_recourse,39992,0.05614549,0,0,0.115223,8,0.0,low,clustered,工地道路-施工工地,自查自报
2024-12-16,two_stage_recourse,39991,0.05785127,0,0,0.146164,11,0.0,moderate,clustered,工地道路-施工工地,自查自报
2024-12-16,two_stage_recourse,39989,0.06008839,0,0,0.065974,8,0.0,moderate,clustered,工地道路-施工工地,自查自报
2024-12-16,two_stage_recourse,39990,0.0580547,0,0,0.065974,8,0.0,moderate,clustered,工地道路-施工工地,自查自报
2024-12-16,two_stage_recourse,39988,0.06099958,0,1,0.307178,11,3.048873,moderate,clustered,工地道路-施工工地,自查自报
2024-12-16,two_stage_recourse,39987,0.05667748,0,0,0.534304,11,0.0,low,clustered,工地道路-施工工地,自查自报
2024-12-16,two_stage_recourse,39986,0.0557089,0,0,0.115223,8,0.0,low,clustered,工地道路-施工工地,自查自报
2024-12-16,two_stage_recourse,39985,0.06142241,0,0,0.146164,11,0.0,high,clustered,工地道路-施工工地,自查自报
2024-12-16,two_stage_recourse,39984,0.05705571,0,0,0.076178,8,0.0,low,clustered,工地道路-施工工地,自查自报
2024-12-16,two_stage_recourse,39983,0.05798006,0,0,0.076178,8,0.0,moderate,clustered,工地道路-施工工地,自查自报
2024-12-16,two_stage_recourse,39982,0.05507855,0,0,0.112419,11,0.0,low,clustered,工地道路-施工工地,自查自报
2024-12-16,two_stage_recourse,39981,0.1985236,0,1,1.189365,3,1.189365,high,clustered,工业企业,自查自报
2024-12-16,two_stage_recourse,39980,0.06214915,0,1,0.661645,5,1.986884,high,clustered,工地道路-施工工地,自查自报
2024-12-16,two_stage_recourse,39979,0.05971052,1,1,0.112419,11,3.048873,moderate,clustered,工地道路-施工工地,自查自报
2024-12-16,two_stage_recourse,39978,0.06120992,0,0,0.364827,11,0.0,moderate,clustered,工地道路-施工工地,自查自报
2024-12-16,two_stage_recourse,39977,0.05847089,0,0,0.661645,5,0.0,moderate,clustered,工地道路-施工工地,自查自报
2024-12-16,two_stage_recourse,39976,0.05869623,0,0,0.017082,11,0.0,moderate,clustered,工地道路-施工工地,自查自报
2024-12-16,two_stage_recourse,39975,0.05846512,0,0,0.017082,11,0.0,moderate,clustered,工地道路-施工工地,自查自报
2024-12-16,two_stage_recourse,39974,0.05925688,0,0,0.221493,11,0.0,moderate,clustered,工地道路-施工工地,自查自报
2024-12-16,two_stage_recourse,39973,0.06055263,0,1,0.003389,5,0.003389,moderate,clustered,工地道路-施工工地,自查自报
2024-12-16,two_stage_recourse,39972,0.05629367,0,1,0.003389,5,0.003389,low,clustered,工地道路-施工工地,自查自报
2024-12-16,two_stage_recourse,39971,0.05944759,0,0,0.193793,5,0.0,moderate,clustered,工地道路-施工工地,自查自报
2024-12-16,two_stage_recourse,39970,0.20543288,0,1,0.001386,3,0.001386,high,clustered,工业企业,自查自报
2024-12-16,two_stage_recourse,39969,0.05855976,0,0,0.839026,5,0.0,moderate,clustered,工地道路-施工工地,自查自报
2024-12-16,two_stage_recourse,39968,0.20692385,0,1,0.001386,3,0.001386,high,clustered,工业企业,自查自报
2024-12-16,two_stage_recourse,39967,0.21537008,0,1,0.416362,3,0.416362,high,clustered,工业企业,自查自报
2024-12-16,two_stage_recourse,39966,0.20555748,1,1,0.328403,3,0.328403,high,clustered,工业企业,自查自报
2024-12-16,two_stage_recourse,39965,0.19377495,0,1,0.622956,3,0.622956,high,clustered,工业企业,自查自报
2024-12-16,two_stage_recourse,39964,0.05758741,0,0,0.717837,8,0.0,moderate,clustered,工地道路-施工工地,自查自报
2024-12-16,two_stage_recourse,39963,0.20822112,0,1,0.328403,3,0.328403,high,clustered,工业企业,自查自报
2024-12-16,two_stage_recourse,39962,0.05849566,0,0,1.522738,8,0.0,moderate,clustered,工地道路-施工工地,自查自报
2024-12-16,two_stage_recourse,39961,0.05725815,0,0,0.473796,4,0.0,moderate,clustered,工地道路-施工工地,自查自报
2024-12-16,two_stage_recourse,39959,0.06163195,0,1,0.008572,4,0.008572,high,clustered,工地道路-施工工地,自查自报
2024-12-16,two_stage_recourse,39960,0.06049633,0,1,0.008572,4,0.008572,moderate,clustered,工地道路-施工工地,自查自报
2024-12-16,two_stage_recourse,39958,0.20481353,1,1,1.030717,3,1.030717,high,clustered,工业企业,自查自报
2024-12-16,two_stage_recourse,39957,0.05727687,0,0,0.274909,11,0.0,moderate,clustered,工地道路-施工工地,自查自报
2024-12-16,two_stage_recourse,39956,0.05710105,0,1,0.086547,4,0.298453,low,clustered,工地道路-施工工地,自查自报
2024-12-16,two_stage_recourse,39955,0.05678659,0,0,0.086547,4,0.0,low,clustered,工地道路-施工工地,自查自报
2024-12-16,two_stage_recourse,39954,0.05557699,0,0,0.251301,11,0.0,low,clustered,工地道路-施工工地,自查自报
2024-12-16,dro_recourse,39993,0.05749972,0,0,0.452532,8,0.0,moderate,clustered,工地道路-施工工地,自查自报
2024-12-16,dro_recourse,39992,0.05614549,0,0,0.115223,8,0.0,low,clustered,工地道路-施工工地,自查自报
2024-12-16,dro_recourse,39991,0.05785127,0,0,0.146164,11,0.0,moderate,clustered,工地道路-施工工地,自查自报
2024-12-16,dro_recourse,39989,0.06008839,0,0,0.065974,8,0.0,moderate,clustered,工地道路-施工工地,自查自报
2024-12-16,dro_recourse,39990,0.0580547,0,0,0.065974,8,0.0,moderate,clustered,工地道路-施工工地,自查自报
2024-12-16,dro_recourse,39988,0.06099958,0,1,0.307178,11,7.977061,moderate,clustered,工地道路-施工工地,自查自报
2024-12-16,dro_recourse,39987,0.05667748,0,0,0.534304,11,0.0,low,clustered,工地道路-施工工地,自查自报
2024-12-16,dro_recourse,39986,0.0557089,0,0,0.115223,8,0.0,low,clustered,工地道路-施工工地,自查自报
2024-12-16,dro_recourse,39985,0.06142241,0,0,0.146164,11,0.0,high,clustered,工地道路-施工工地,自查自报
2024-12-16,dro_recourse,39984,0.05705571,0,0,0.076178,8,0.0,low,clustered,工地道路-施工工地,自查自报
2024-12-16,dro_recourse,39983,0.05798006,0,0,0.076178,8,0.0,moderate,clustered,工地道路-施工工地,自查自报
2024-12-16,dro_recourse,39982,0.05507855,0,0,0.112419,11,0.0,low,clustered,工地道路-施工工地,自查自报
2024-12-16,dro_recourse,39981,0.1985236,0,1,1.189365,3,1.189365,high,clustered,工业企业,自查自报
2024-12-16,dro_recourse,39980,0.06214915,0,1,0.661645,5,0.661645,high,clustered,工地道路-施工工地,自查自报
2024-12-16,dro_recourse,39979,0.05971052,1,0,0.112419,11,0.0,moderate,clustered,工地道路-施工工地,自查自报
2024-12-16,dro_recourse,39978,0.06120992,0,0,0.364827,11,0.0,moderate,clustered,工地道路-施工工地,自查自报
2024-12-16,dro_recourse,39977,0.05847089,0,1,0.661645,5,0.661645,moderate,clustered,工地道路-施工工地,自查自报
2024-12-16,dro_recourse,39976,0.05869623,0,0,0.017082,11,0.0,moderate,clustered,工地道路-施工工地,自查自报
2024-12-16,dro_recourse,39975,0.05846512,0,0,0.017082,11,0.0,moderate,clustered,工地道路-施工工地,自查自报
2024-12-16,dro_recourse,39974,0.05925688,0,0,0.221493,11,0.0,moderate,clustered,工地道路-施工工地,自查自报
2024-12-16,dro_recourse,39973,0.06055263,0,1,0.003389,5,0.003389,moderate,clustered,工地道路-施工工地,自查自报
2024-12-16,dro_recourse,39972,0.05629367,0,1,0.003389,5,0.003389,low,clustered,工地道路-施工工地,自查自报
2024-12-16,dro_recourse,39971,0.05944759,0,1,0.193793,5,0.193793,moderate,clustered,工地道路-施工工地,自查自报
2024-12-16,dro_recourse,39970,0.20543288,0,1,0.001386,3,0.001386,high,clustered,工业企业,自查自报
2024-12-16,dro_recourse,39969,0.05855976,0,1,0.839026,5,0.839026,moderate,clustered,工地道路-施工工地,自查自报
2024-12-16,dro_recourse,39968,0.20692385,0,1,0.001386,3,0.001386,high,clustered,工业企业,自查自报
2024-12-16,dro_recourse,39967,0.21537008,0,1,0.416362,3,0.416362,high,clustered,工业企业,自查自报
2024-12-16,dro_recourse,39966,0.20555748,1,1,0.328403,3,0.328403,high,clustered,工业企业,自查自报
2024-12-16,dro_recourse,39965,0.19377495,0,1,0.622956,3,0.622956,high,clustered,工业企业,自查自报
2024-12-16,dro_recourse,39964,0.05758741,0,0,0.717837,8,0.0,moderate,clustered,工地道路-施工工地,自查自报
2024-12-16,dro_recourse,39963,0.20822112,0,1,0.328403,3,0.328403,high,clustered,工业企业,自查自报
2024-12-16,dro_recourse,39962,0.05849566,0,1,1.522738,8,11.714905,moderate,clustered,工地道路-施工工地,自查自报
2024-12-16,dro_recourse,39961,0.05725815,0,0,0.473796,4,0.0,moderate,clustered,工地道路-施工工地,自查自报
2024-12-16,dro_recourse,39959,0.06163195,0,1,0.008572,4,0.008572,high,clustered,工地道路-施工工地,自查自报
2024-12-16,dro_recourse,39960,0.06049633,0,1,0.008572,4,0.008572,moderate,clustered,工地道路-施工工地,自查自报
2024-12-16,dro_recourse,39958,0.20481353,1,1,1.030717,3,1.030717,high,clustered,工业企业,自查自报
2024-12-16,dro_recourse,39957,0.05727687,0,0,0.274909,11,0.0,moderate,clustered,工地道路-施工工地,自查自报
2024-12-16,dro_recourse,39956,0.05710105,0,0,0.086547,4,0.0,low,clustered,工地道路-施工工地,自查自报
2024-12-16,dro_recourse,39955,0.05678659,0,0,0.086547,4,0.0,low,clustered,工地道路-施工工地,自查自报
2024-12-16,dro_recourse,39954,0.05557699,0,0,0.251301,11,0.0,low,clustered,工地道路-施工工地,自查自报
2024-12-17,risk_first,40108,0.40344937,1,1,1.390168,2,1.390168,high,clustered,其他面源-露天焚烧,自查自报
2024-12-17,risk_first,40107,0.40327471,1,1,1.119228,2,1.119228,high,clustered,其他面源-露天焚烧,自查自报
2024-12-17,risk_first,40106,0.40323673,1,1,1.119228,2,1.119228,high,clustered,其他面源-露天焚烧,自查自报
2024-12-17,risk_first,40105,0.05643594,0,0,0.317729,10,0.0,low,clustered,工地道路-施工工地,自查自报
2024-12-17,risk_first,40104,0.05786185,0,0,0.482727,7,0.0,moderate,clustered,工地道路-施工工地,自查自报
2024-12-17,risk_first,40103,0.05963416,0,0,0.199285,7,0.0,moderate,clustered,工地道路-施工工地,自查自报
2024-12-17,risk_first,40101,0.05983256,0,0,0.317729,10,0.0,moderate,clustered,工地道路-施工工地,自查自报
2024-12-17,risk_first,40102,0.05988617,0,0,0.199285,7,0.0,moderate,clustered,工地道路-施工工地,自查自报
2024-12-17,risk_first,40100,0.05979299,0,0,0.057799,12,0.0,moderate,clustered,工地道路-施工工地,自查自报
2024-12-17,risk_first,40099,0.05550056,0,0,0.748459,10,0.0,low,clustered,工地道路-施工工地,自查自报
2024-12-17,risk_first,40098,0.05503436,0,0,0.057799,12,0.0,low,clustered,工地道路-施工工地,自查自报
2024-12-17,risk_first,40097,0.05466753,0,0,0.03639,12,0.0,low,clustered,工地道路-施工工地,自查自报
2024-12-17,risk_first,40095,0.05949837,0,0,0.099576,7,0.0,moderate,clustered,工地道路-施工工地,自查自报
2024-12-17,risk_first,40096,0.06136114,0,1,0.033222,12,1.147589,high,clustered,工地道路-施工工地,自查自报
2024-12-17,risk_first,40094,0.05790033,0,0,0.033222,12,0.0,moderate,clustered,工地道路-施工工地,自查自报
2024-12-17,risk_first,40093,0.05936505,0,0,0.03639,12,0.0,moderate,clustered,工地道路-施工工地,自查自报
2024-12-17,risk_first,40092,0.0556529,0,0,0.037116,12,0.0,low,clustered,工地道路-施工工地,自查自报
2024-12-17,risk_first,40091,0.05708429,0,0,0.099576,7,0.0,moderate,clustered,工地道路-施工工地,自查自报
2024-12-17,risk_first,40090,0.06026503,0,0,0.08156,12,0.0,moderate,clustered,工地道路-施工工地,自查自报
2024-12-17,risk_first,40089,0.0556458,0,0,0.788041,10,0.0,low,clustered,工地道路-施工工地,自查自报
2024-12-17,risk_first,40088,0.05622159,0,0,0.08156,12,0.0,low,clustered,工地道路-施工工地,自查自报
2024-12-17,risk_first,40087,0.05783276,0,0,0.843808,8,0.0,moderate,clustered,工地道路-施工工地,自查自报
2024-12-17,risk_first,40086,0.059787,0,0,0.160871,12,0.0,moderate,clustered,工地道路-施工工地,自查自报
2024-12-17,risk_first,40085,0.06088389,0,0,0.262964,8,0.0,high,clustered,工地道路-施工工地,自查自报
2024-12-17,risk_first,40084,0.05930539,0,0,0.037116,12,0.0,moderate,clustered,工地道路-施工工地,自查自报
2024-12-17,risk_first,40082,0.0613417,0,1,0.262964,8,21.53525,high,clustered,工地道路-施工工地,自查自报
2024-12-17,risk_first,40083,0.06005405,0,0,0.715781,10,0.0,moderate,clustered,工地道路-施工工地,自查自报
2024-12-17,risk_first,40081,0.05895145,0,0,0.147905,10,0.0,moderate,clustered,工地道路-施工工地,自查自报
2024-12-17,risk_first,40080,0.05662898,0,0,0.147905,10,0.0,low,clustered,工地道路-施工工地,自查自报
2024-12-17,risk_first,40079,0.06017933,0,0,3.292566,3,0.0,moderate,clustered,工地道路-施工工地,自查自报
2024-12-17,risk_first,40078,0.0589773,0,0,0.367334,10,0.0,moderate,clustered,工地道路-施工工地,自查自报
2024-12-17,risk_first,40077,0.0589183,0,0,0.367334,10,0.0,moderate,clustered,工地道路-施工工地,自查自报
2024-12-17,risk_first,40076,0.05683554,0,0,0.282739,10,0.0,low,clustered,工地道路-施工工地,自查自报
2024-12-17,risk_first,40075,0.21024678,1,1,0.81943,1,0.81943,high,clustered,工业企业,自查自报
2024-12-17,risk_first,40074,0.06050272,0,1,0.560607,12,1.147589,moderate,clustered,工地道路-施工工地,自查自报
2024-12-17,risk_first,40073,0.21239453,1,1,0.81943,1,0.81943,high,clustered,工业企业,自查自报
2024-12-17,risk_first,40072,0.05808108,0,0,0.282739,10,0.0,moderate,clustered,工地道路-施工工地,自查自报
2024-12-17,risk_first,40071,0.4019157,1,1,1.814764,12,2.201943,high,clustered,其他面源-露天焚烧,自查自报
2024-12-17,risk_first,127285,0.40769554,1,0,44.195743,0,0.0,high,isolated,其他面源-露天焚烧,线上-省高空巡查
2024-12-17,risk_first,40067,0.07442828,0,1,6.579811,0,6.579811,high,isolated,工地道路-施工工地,专项调度
2024-12-17,deterministic_sir,40108,0.40344937,1,1,1.390168,2,1.390168,high,clustered,其他面源-露天焚烧,自查自报
2024-12-17,deterministic_sir,40107,0.40327471,1,1,1.119228,2,1.119228,high,clustered,其他面源-露天焚烧,自查自报
2024-12-17,deterministic_sir,40106,0.40323673,1,1,1.119228,2,1.119228,high,clustered,其他面源-露天焚烧,自查自报
2024-12-17,deterministic_sir,40105,0.05643594,0,0,0.317729,10,0.0,low,clustered,工地道路-施工工地,自查自报
2024-12-17,deterministic_sir,40104,0.05786185,0,0,0.482727,7,0.0,moderate,clustered,工地道路-施工工地,自查自报
2024-12-17,deterministic_sir,40103,0.05963416,0,0,0.199285,7,0.0,moderate,clustered,工地道路-施工工地,自查自报
2024-12-17,deterministic_sir,40101,0.05983256,0,1,0.317729,10,0.50832,moderate,clustered,工地道路-施工工地,自查自报
2024-12-17,deterministic_sir,40102,0.05988617,0,0,0.199285,7,0.0,moderate,clustered,工地道路-施工工地,自查自报
2024-12-17,deterministic_sir,40100,0.05979299,0,1,0.057799,12,0.387352,moderate,clustered,工地道路-施工工地,自查自报
2024-12-17,deterministic_sir,40099,0.05550056,0,1,0.748459,10,0.748459,low,clustered,工地道路-施工工地,自查自报
2024-12-17,deterministic_sir,40098,0.05503436,0,0,0.057799,12,0.0,low,clustered,工地道路-施工工地,自查自报
2024-12-17,deterministic_sir,40097,0.05466753,0,0,0.03639,12,0.0,low,clustered,工地道路-施工工地,自查自报
2024-12-17,deterministic_sir,40095,0.05949837,0,0,0.099576,7,0.0,moderate,clustered,工地道路-施工工地,自查自报
2024-12-17,deterministic_sir,40096,0.06136114,0,1,0.033222,12,0.116085,high,clustered,工地道路-施工工地,自查自报
2024-12-17,deterministic_sir,40094,0.05790033,0,0,0.033222,12,0.0,moderate,clustered,工地道路-施工工地,自查自报
2024-12-17,deterministic_sir,40093,0.05936505,0,1,0.03639,12,0.116085,moderate,clustered,工地道路-施工工地,自查自报
2024-12-17,deterministic_sir,40092,0.0556529,0,0,0.037116,12,0.0,low,clustered,工地道路-施工工地,自查自报
2024-12-17,deterministic_sir,40091,0.05708429,0,0,0.099576,7,0.0,moderate,clustered,工地道路-施工工地,自查自报
2024-12-17,deterministic_sir,40090,0.06026503,0,1,0.08156,12,0.08156,moderate,clustered,工地道路-施工工地,自查自报
2024-12-17,deterministic_sir,40089,0.0556458,0,0,0.788041,10,0.0,low,clustered,工地道路-施工工地,自查自报
2024-12-17,deterministic_sir,40088,0.05622159,0,1,0.08156,12,0.08156,low,clustered,工地道路-施工工地,自查自报
2024-12-17,deterministic_sir,40087,0.05783276,0,0,0.843808,8,0.0,moderate,clustered,工地道路-施工工地,自查自报
2024-12-17,deterministic_sir,40086,0.059787,0,1,0.160871,12,0.160871,moderate,clustered,工地道路-施工工地,自查自报
2024-12-17,deterministic_sir,40085,0.06088389,0,0,0.262964,8,0.0,high,clustered,工地道路-施工工地,自查自报
2024-12-17,deterministic_sir,40084,0.05930539,0,1,0.037116,12,0.255471,moderate,clustered,工地道路-施工工地,自查自报
2024-12-17,deterministic_sir,40082,0.0613417,0,0,0.262964,8,0.0,high,clustered,工地道路-施工工地,自查自报
2024-12-17,deterministic_sir,40083,0.06005405,0,1,0.715781,10,0.715781,moderate,clustered,工地道路-施工工地,自查自报
2024-12-17,deterministic_sir,40081,0.05895145,0,0,0.147905,10,0.0,moderate,clustered,工地道路-施工工地,自查自报
2024-12-17,deterministic_sir,40080,0.05662898,0,1,0.147905,10,0.599837,low,clustered,工地道路-施工工地,自查自报
2024-12-17,deterministic_sir,40079,0.06017933,0,0,3.292566,3,0.0,moderate,clustered,工地道路-施工工地,自查自报
2024-12-17,deterministic_sir,40078,0.0589773,0,1,0.367334,10,0.367334,moderate,clustered,工地道路-施工工地,自查自报
2024-12-17,deterministic_sir,40077,0.0589183,0,1,0.367334,10,0.367334,moderate,clustered,工地道路-施工工地,自查自报
2024-12-17,deterministic_sir,40076,0.05683554,0,0,0.282739,10,0.0,low,clustered,工地道路-施工工地,自查自报
2024-12-17,deterministic_sir,40075,0.21024678,1,0,0.81943,1,0.0,high,clustered,工业企业,自查自报
2024-12-17,deterministic_sir,40074,0.06050272,0,0,0.560607,12,0.0,moderate,clustered,工地道路-施工工地,自查自报
2024-12-17,deterministic_sir,40073,0.21239453,1,0,0.81943,1,0.0,high,clustered,工业企业,自查自报
2024-12-17,deterministic_sir,40072,0.05808108,0,1,0.282739,10,0.50832,moderate,clustered,工地道路-施工工地,自查自报
2024-12-17,deterministic_sir,40071,0.4019157,1,1,1.814764,12,1.814764,high,clustered,其他面源-露天焚烧,自查自报
2024-12-17,deterministic_sir,127285,0.40769554,1,0,44.195743,0,0.0,high,isolated,其他面源-露天焚烧,线上-省高空巡查
2024-12-17,deterministic_sir,40067,0.07442828,0,1,6.579811,0,6.675002,high,isolated,工地道路-施工工地,专项调度
2024-12-17,saa_no_recourse,40108,0.40344937,1,1,1.390168,2,1.390168,high,clustered,其他面源-露天焚烧,自查自报
2024-12-17,saa_no_recourse,40107,0.40327471,1,1,1.119228,2,1.119228,high,clustered,其他面源-露天焚烧,自查自报
2024-12-17,saa_no_recourse,40106,0.40323673,1,1,1.119228,2,1.119228,high,clustered,其他面源-露天焚烧,自查自报
2024-12-17,saa_no_recourse,40105,0.05643594,0,0,0.317729,10,0.0,low,clustered,工地道路-施工工地,自查自报
2024-12-17,saa_no_recourse,40104,0.05786185,0,0,0.482727,7,0.0,moderate,clustered,工地道路-施工工地,自查自报
2024-12-17,saa_no_recourse,40103,0.05963416,0,0,0.199285,7,0.0,moderate,clustered,工地道路-施工工地,自查自报
2024-12-17,saa_no_recourse,40101,0.05983256,0,1,0.317729,10,3.065161,moderate,clustered,工地道路-施工工地,自查自报
2024-12-17,saa_no_recourse,40102,0.05988617,0,1,0.199285,7,2.155085,moderate,clustered,工地道路-施工工地,自查自报
2024-12-17,saa_no_recourse,40100,0.05979299,0,0,0.057799,12,0.0,moderate,clustered,工地道路-施工工地,自查自报
2024-12-17,saa_no_recourse,40099,0.05550056,0,0,0.748459,10,0.0,low,clustered,工地道路-施工工地,自查自报
2024-12-17,saa_no_recourse,40098,0.05503436,0,0,0.057799,12,0.0,low,clustered,工地道路-施工工地,自查自报
2024-12-17,saa_no_recourse,40097,0.05466753,0,0,0.03639,12,0.0,low,clustered,工地道路-施工工地,自查自报
2024-12-17,saa_no_recourse,40095,0.05949837,0,0,0.099576,7,0.0,moderate,clustered,工地道路-施工工地,自查自报
2024-12-17,saa_no_recourse,40096,0.06136114,0,0,0.033222,12,0.0,high,clustered,工地道路-施工工地,自查自报
2024-12-17,saa_no_recourse,40094,0.05790033,0,1,0.033222,12,1.133259,moderate,clustered,工地道路-施工工地,自查自报
2024-12-17,saa_no_recourse,40093,0.05936505,0,0,0.03639,12,0.0,moderate,clustered,工地道路-施工工地,自查自报
2024-12-17,saa_no_recourse,40092,0.0556529,0,0,0.037116,12,0.0,low,clustered,工地道路-施工工地,自查自报
2024-12-17,saa_no_recourse,40091,0.05708429,0,0,0.099576,7,0.0,moderate,clustered,工地道路-施工工地,自查自报
2024-12-17,saa_no_recourse,40090,0.06026503,0,0,0.08156,12,0.0,moderate,clustered,工地道路-施工工地,自查自报
2024-12-17,saa_no_recourse,40089,0.0556458,0,0,0.788041,10,0.0,low,clustered,工地道路-施工工地,自查自报
2024-12-17,saa_no_recourse,40088,0.05622159,0,0,0.08156,12,0.0,low,clustered,工地道路-施工工地,自查自报
2024-12-17,saa_no_recourse,40087,0.05783276,0,0,0.843808,8,0.0,moderate,clustered,工地道路-施工工地,自查自报
2024-12-17,saa_no_recourse,40086,0.059787,0,0,0.160871,12,0.0,moderate,clustered,工地道路-施工工地,自查自报
2024-12-17,saa_no_recourse,40085,0.06088389,0,0,0.262964,8,0.0,high,clustered,工地道路-施工工地,自查自报
2024-12-17,saa_no_recourse,40084,0.05930539,0,0,0.037116,12,0.0,moderate,clustered,工地道路-施工工地,自查自报
2024-12-17,saa_no_recourse,40082,0.0613417,0,1,0.262964,8,2.155085,high,clustered,工地道路-施工工地,自查自报
2024-12-17,saa_no_recourse,40083,0.06005405,0,0,0.715781,10,0.0,moderate,clustered,工地道路-施工工地,自查自报
2024-12-17,saa_no_recourse,40081,0.05895145,0,1,0.147905,10,3.065161,moderate,clustered,工地道路-施工工地,自查自报
2024-12-17,saa_no_recourse,40080,0.05662898,0,0,0.147905,10,0.0,low,clustered,工地道路-施工工地,自查自报
2024-12-17,saa_no_recourse,40079,0.06017933,0,0,3.292566,3,0.0,moderate,clustered,工地道路-施工工地,自查自报
2024-12-17,saa_no_recourse,40078,0.0589773,0,0,0.367334,10,0.0,moderate,clustered,工地道路-施工工地,自查自报
2024-12-17,saa_no_recourse,40077,0.0589183,0,0,0.367334,10,0.0,moderate,clustered,工地道路-施工工地,自查自报
2024-12-17,saa_no_recourse,40076,0.05683554,0,0,0.282739,10,0.0,low,clustered,工地道路-施工工地,自查自报
2024-12-17,saa_no_recourse,40075,0.21024678,1,1,0.81943,1,0.81943,high,clustered,工业企业,自查自报
2024-12-17,saa_no_recourse,40074,0.06050272,0,1,0.560607,12,1.133259,moderate,clustered,工地道路-施工工地,自查自报
2024-12-17,saa_no_recourse,40073,0.21239453,1,1,0.81943,1,0.81943,high,clustered,工业企业,自查自报
2024-12-17,saa_no_recourse,40072,0.05808108,0,0,0.282739,10,0.0,moderate,clustered,工地道路-施工工地,自查自报
2024-12-17,saa_no_recourse,40071,0.4019157,1,1,1.814764,12,2.233584,high,clustered,其他面源-露天焚烧,自查自报
2024-12-17,saa_no_recourse,127285,0.40769554,1,0,44.195743,0,0.0,high,isolated,其他面源-露天焚烧,线上-省高空巡查
2024-12-17,saa_no_recourse,40067,0.07442828,0,0,6.579811,0,0.0,high,isolated,工地道路-施工工地,专项调度
2024-12-17,two_stage_recourse,40108,0.40344937,1,1,1.390168,2,1.390168,high,clustered,其他面源-露天焚烧,自查自报
2024-12-17,two_stage_recourse,40107,0.40327471,1,1,1.119228,2,1.119228,high,clustered,其他面源-露天焚烧,自查自报
2024-12-17,two_stage_recourse,40106,0.40323673,1,1,1.119228,2,1.119228,high,clustered,其他面源-露天焚烧,自查自报
2024-12-17,two_stage_recourse,40105,0.05643594,0,0,0.317729,10,0.0,low,clustered,工地道路-施工工地,自查自报
2024-12-17,two_stage_recourse,40104,0.05786185,0,0,0.482727,7,0.0,moderate,clustered,工地道路-施工工地,自查自报
2024-12-17,two_stage_recourse,40103,0.05963416,0,0,0.199285,7,0.0,moderate,clustered,工地道路-施工工地,自查自报
2024-12-17,two_stage_recourse,40101,0.05983256,0,0,0.317729,10,0.0,moderate,clustered,工地道路-施工工地,自查自报
2024-12-17,two_stage_recourse,40102,0.05988617,0,1,0.199285,7,1.074842,moderate,clustered,工地道路-施工工地,自查自报
2024-12-17,two_stage_recourse,40100,0.05979299,0,0,0.057799,12,0.0,moderate,clustered,工地道路-施工工地,自查自报
2024-12-17,two_stage_recourse,40099,0.05550056,0,0,0.748459,10,0.0,low,clustered,工地道路-施工工地,自查自报
2024-12-17,two_stage_recourse,40098,0.05503436,0,0,0.057799,12,0.0,low,clustered,工地道路-施工工地,自查自报
2024-12-17,two_stage_recourse,40097,0.05466753,0,1,0.03639,12,0.048191,low,clustered,工地道路-施工工地,自查自报
2024-12-17,two_stage_recourse,40095,0.05949837,0,1,0.099576,7,1.074842,moderate,clustered,工地道路-施工工地,自查自报
2024-12-17,two_stage_recourse,40096,0.06136114,0,0,0.033222,12,0.0,high,clustered,工地道路-施工工地,自查自报
2024-12-17,two_stage_recourse,40094,0.05790033,0,1,0.033222,12,0.048191,moderate,clustered,工地道路-施工工地,自查自报
2024-12-17,two_stage_recourse,40093,0.05936505,0,0,0.03639,12,0.0,moderate,clustered,工地道路-施工工地,自查自报
2024-12-17,two_stage_recourse,40092,0.0556529,0,0,0.037116,12,0.0,low,clustered,工地道路-施工工地,自查自报
2024-12-17,two_stage_recourse,40091,0.05708429,0,0,0.099576,7,0.0,moderate,clustered,工地道路-施工工地,自查自报
2024-12-17,two_stage_recourse,40090,0.06026503,0,0,0.08156,12,0.0,moderate,clustered,工地道路-施工工地,自查自报
2024-12-17,two_stage_recourse,40089,0.0556458,0,0,0.788041,10,0.0,low,clustered,工地道路-施工工地,自查自报
2024-12-17,two_stage_recourse,40088,0.05622159,0,0,0.08156,12,0.0,low,clustered,工地道路-施工工地,自查自报
2024-12-17,two_stage_recourse,40087,0.05783276,0,0,0.843808,8,0.0,moderate,clustered,工地道路-施工工地,自查自报
2024-12-17,two_stage_recourse,40086,0.059787,0,0,0.160871,12,0.0,moderate,clustered,工地道路-施工工地,自查自报
2024-12-17,two_stage_recourse,40085,0.06088389,0,0,0.262964,8,0.0,high,clustered,工地道路-施工工地,自查自报
2024-12-17,two_stage_recourse,40084,0.05930539,0,0,0.037116,12,0.0,moderate,clustered,工地道路-施工工地,自查自报
2024-12-17,two_stage_recourse,40082,0.0613417,0,1,0.262964,8,2.155085,high,clustered,工地道路-施工工地,自查自报
2024-12-17,two_stage_recourse,40083,0.06005405,0,0,0.715781,10,0.0,moderate,clustered,工地道路-施工工地,自查自报
2024-12-17,two_stage_recourse,40081,0.05895145,0,0,0.147905,10,0.0,moderate,clustered,工地道路-施工工地,自查自报
2024-12-17,two_stage_recourse,40080,0.05662898,0,0,0.147905,10,0.0,low,clustered,工地道路-施工工地,自查自报
2024-12-17,two_stage_recourse,40079,0.06017933,0,0,3.292566,3,0.0,moderate,clustered,工地道路-施工工地,自查自报
2024-12-17,two_stage_recourse,40078,0.0589773,0,0,0.367334,10,0.0,moderate,clustered,工地道路-施工工地,自查自报
2024-12-17,two_stage_recourse,40077,0.0589183,0,0,0.367334,10,0.0,moderate,clustered,工地道路-施工工地,自查自报
2024-12-17,two_stage_recourse,40076,0.05683554,0,0,0.282739,10,0.0,low,clustered,工地道路-施工工地,自查自报
2024-12-17,two_stage_recourse,40075,0.21024678,1,1,0.81943,1,0.81943,high,clustered,工业企业,自查自报
2024-12-17,two_stage_recourse,40074,0.06050272,0,0,0.560607,12,0.0,moderate,clustered,工地道路-施工工地,自查自报
2024-12-17,two_stage_recourse,40073,0.21239453,1,1,0.81943,1,0.81943,high,clustered,工业企业,自查自报
2024-12-17,two_stage_recourse,40072,0.05808108,0,0,0.282739,10,0.0,moderate,clustered,工地道路-施工工地,自查自报
2024-12-17,two_stage_recourse,40071,0.4019157,1,1,1.814764,12,2.233584,high,clustered,其他面源-露天焚烧,自查自报
2024-12-17,two_stage_recourse,127285,0.40769554,1,0,44.195743,0,0.0,high,isolated,其他面源-露天焚烧,线上-省高空巡查
2024-12-17,two_stage_recourse,40067,0.07442828,0,1,6.579811,0,6.675002,high,isolated,工地道路-施工工地,专项调度
2024-12-17,dro_recourse,40108,0.40344937,1,1,1.390168,2,1.390168,high,clustered,其他面源-露天焚烧,自查自报
2024-12-17,dro_recourse,40107,0.40327471,1,1,1.119228,2,1.119228,high,clustered,其他面源-露天焚烧,自查自报
2024-12-17,dro_recourse,40106,0.40323673,1,1,1.119228,2,1.119228,high,clustered,其他面源-露天焚烧,自查自报
2024-12-17,dro_recourse,40105,0.05643594,0,0,0.317729,10,0.0,low,clustered,工地道路-施工工地,自查自报
2024-12-17,dro_recourse,40104,0.05786185,0,0,0.482727,7,0.0,moderate,clustered,工地道路-施工工地,自查自报
2024-12-17,dro_recourse,40103,0.05963416,0,1,0.199285,7,1.122617,moderate,clustered,工地道路-施工工地,自查自报
2024-12-17,dro_recourse,40101,0.05983256,0,1,0.317729,10,13.211654,moderate,clustered,工地道路-施工工地,自查自报
2024-12-17,dro_recourse,40102,0.05988617,0,0,0.199285,7,0.0,moderate,clustered,工地道路-施工工地,自查自报
2024-12-17,dro_recourse,40100,0.05979299,0,0,0.057799,12,0.0,moderate,clustered,工地道路-施工工地,自查自报
2024-12-17,dro_recourse,40099,0.05550056,0,0,0.748459,10,0.0,low,clustered,工地道路-施工工地,自查自报
2024-12-17,dro_recourse,40098,0.05503436,0,0,0.057799,12,0.0,low,clustered,工地道路-施工工地,自查自报
2024-12-17,dro_recourse,40097,0.05466753,0,0,0.03639,12,0.0,low,clustered,工地道路-施工工地,自查自报
2024-12-17,dro_recourse,40095,0.05949837,0,1,0.099576,7,1.122617,moderate,clustered,工地道路-施工工地,自查自报
2024-12-17,dro_recourse,40096,0.06136114,0,0,0.033222,12,0.0,high,clustered,工地道路-施工工地,自查自报
2024-12-17,dro_recourse,40094,0.05790033,0,0,0.033222,12,0.0,moderate,clustered,工地道路-施工工地,自查自报
2024-12-17,dro_recourse,40093,0.05936505,0,0,0.03639,12,0.0,moderate,clustered,工地道路-施工工地,自查自报
2024-12-17,dro_recourse,40092,0.0556529,0,0,0.037116,12,0.0,low,clustered,工地道路-施工工地,自查自报
2024-12-17,dro_recourse,40091,0.05708429,0,0,0.099576,7,0.0,moderate,clustered,工地道路-施工工地,自查自报
2024-12-17,dro_recourse,40090,0.06026503,0,1,0.08156,12,0.560607,moderate,clustered,工地道路-施工工地,自查自报
2024-12-17,dro_recourse,40089,0.0556458,0,0,0.788041,10,0.0,low,clustered,工地道路-施工工地,自查自报
2024-12-17,dro_recourse,40088,0.05622159,0,0,0.08156,12,0.0,low,clustered,工地道路-施工工地,自查自报
2024-12-17,dro_recourse,40087,0.05783276,0,0,0.843808,8,0.0,moderate,clustered,工地道路-施工工地,自查自报
2024-12-17,dro_recourse,40086,0.059787,0,0,0.160871,12,0.0,moderate,clustered,工地道路-施工工地,自查自报
2024-12-17,dro_recourse,40085,0.06088389,0,0,0.262964,8,0.0,high,clustered,工地道路-施工工地,自查自报
2024-12-17,dro_recourse,40084,0.05930539,0,0,0.037116,12,0.0,moderate,clustered,工地道路-施工工地,自查自报
2024-12-17,dro_recourse,40082,0.0613417,0,1,0.262964,8,2.153103,high,clustered,工地道路-施工工地,自查自报
2024-12-17,dro_recourse,40083,0.06005405,0,0,0.715781,10,0.0,moderate,clustered,工地道路-施工工地,自查自报
2024-12-17,dro_recourse,40081,0.05895145,0,0,0.147905,10,0.0,moderate,clustered,工地道路-施工工地,自查自报
2024-12-17,dro_recourse,40080,0.05662898,0,0,0.147905,10,0.0,low,clustered,工地道路-施工工地,自查自报
2024-12-17,dro_recourse,40079,0.06017933,0,0,3.292566,3,0.0,moderate,clustered,工地道路-施工工地,自查自报
2024-12-17,dro_recourse,40078,0.0589773,0,0,0.367334,10,0.0,moderate,clustered,工地道路-施工工地,自查自报
2024-12-17,dro_recourse,40077,0.0589183,0,0,0.367334,10,0.0,moderate,clustered,工地道路-施工工地,自查自报
2024-12-17,dro_recourse,40076,0.05683554,0,0,0.282739,10,0.0,low,clustered,工地道路-施工工地,自查自报
2024-12-17,dro_recourse,40075,0.21024678,1,1,0.81943,1,0.81943,high,clustered,工业企业,自查自报
2024-12-17,dro_recourse,40074,0.06050272,0,1,0.560607,12,0.560607,moderate,clustered,工地道路-施工工地,自查自报
2024-12-17,dro_recourse,40073,0.21239453,1,1,0.81943,1,0.81943,high,clustered,工业企业,自查自报
2024-12-17,dro_recourse,40072,0.05808108,0,0,0.282739,10,0.0,moderate,clustered,工地道路-施工工地,自查自报
2024-12-17,dro_recourse,40071,0.4019157,1,1,1.814764,12,2.788699,high,clustered,其他面源-露天焚烧,自查自报
2024-12-17,dro_recourse,127285,0.40769554,1,0,44.195743,0,0.0,high,isolated,其他面源-露天焚烧,线上-省高空巡查
2024-12-17,dro_recourse,40067,0.07442828,0,0,6.579811,0,0.0,high,isolated,工地道路-施工工地,专项调度
2024-12-23,risk_first,40568,0.36359039,0,1,7.71965,0,33.564367,moderate,isolated,其他面源-固定餐饮,自查自报
2024-12-23,risk_first,40567,0.35867192,0,0,0.009036,2,0.0,moderate,clustered,其他面源-固定餐饮,自查自报
2024-12-23,risk_first,40566,0.17873327,0,0,1.582245,1,0.0,moderate,clustered,汽修,自查自报
2024-12-23,risk_first,40565,0.36416469,0,0,14.866809,0,0.0,moderate,isolated,其他面源-固定餐饮,自查自报
2024-12-23,risk_first,40564,0.36121324,0,0,0.009036,2,0.0,moderate,clustered,其他面源-固定餐饮,自查自报
2024-12-23,risk_first,40563,0.36097919,0,0,1.582245,1,0.0,moderate,clustered,其他面源-固定餐饮,自查自报
2024-12-23,risk_first,40562,0.37147031,1,0,0.607268,7,0.0,moderate,clustered,其他面源-流动餐饮,自查自报
2024-12-23,risk_first,40561,0.37087187,1,0,0.607268,8,0.0,moderate,clustered,其他面源-流动餐饮,自查自报
2024-12-23,risk_first,40560,0.36953886,1,0,1.680264,8,0.0,moderate,clustered,其他面源-流动餐饮,自查自报
2024-12-23,risk_first,40559,0.37561357,1,0,1.085866,9,0.0,moderate,clustered,其他面源-流动餐饮,自查自报
2024-12-23,risk_first,40558,0.37227327,1,0,0.939265,9,0.0,moderate,clustered,其他面源-流动餐饮,自查自报
2024-12-23,risk_first,40557,0.37092474,1,0,0.939265,9,0.0,moderate,clustered,其他面源-流动餐饮,自查自报
2024-12-23,risk_first,40556,0.05887718,0,0,1.165373,5,0.0,low,clustered,工地道路-施工工地,自查自报
2024-12-23,risk_first,40555,0.05708085,0,0,1.165373,4,0.0,low,clustered,工地道路-施工工地,自查自报
2024-12-23,risk_first,40554,0.05792444,0,0,0.807024,7,0.0,low,clustered,工地道路-施工工地,自查自报
2024-12-23,risk_first,40553,0.3745793,1,0,0.429212,7,0.0,moderate,clustered,其他面源-流动餐饮,自查自报
2024-12-23,risk_first,40552,0.37646767,1,0,0.429212,7,0.0,moderate,clustered,其他面源-流动餐饮,自查自报
2024-12-23,risk_first,40551,0.05583002,0,0,2.732717,3,0.0,low,clustered,工地道路-施工工地,自查自报
2024-12-23,risk_first,40550,0.37327774,1,0,0.946931,6,0.0,moderate,clustered,其他面源-流动餐饮,自查自报
2024-12-23,risk_first,40549,0.0628613,0,0,0.946931,5,0.0,low,clustered,工地道路-施工工地,自查自报
2024-12-23,risk_first,40548,0.05503436,0,0,1.664857,8,0.0,low,clustered,工地道路-施工工地,自查自报
2024-12-23,risk_first,46139,0.07089978,0,0,4.640128,1,0.0,low,clustered,,监测报警
2024-12-23,risk_first,42169,0.5,,1,14.866809,0,22.977198,high,isolated,工业企业,监测报警
2024-12-23,risk_first,42167,0.5,,1,1.470173,5,1.470173,high,clustered,工业企业,监测报警
2024-12-23,risk_first,42168,0.5,,1,0.135347,5,0.135347,high,clustered,工业企业,监测报警
2024-12-23,risk_first,42165,0.5,,1,0.267642,5,0.267642,high,clustered,工业企业,监测报警
2024-12-23,risk_first,42166,0.5,,1,0.135347,5,0.135347,high,clustered,工业企业,监测报警
2024-12-23,risk_first,42164,0.5,,1,0.394534,5,0.394534,high,clustered,工业企业,监测报警
2024-12-23,risk_first,42163,0.5,,0,12.537294,0,0.0,high,isolated,工业企业,监测报警
2024-12-23,risk_first,42161,0.395,,0,4.640128,1,0.0,moderate,clustered,工业企业,监测报警
2024-12-23,risk_first,42159,0.395,,0,23.718501,0,0.0,moderate,isolated,工业企业,监测报警
2024-12-23,risk_first,42162,0.5,,0,8.637252,0,0.0,high,isolated,工业企业,监测报警
2024-12-23,risk_first,42160,0.5,,1,1.52349,5,1.52349,high,clustered,工业企业,监测报警
2024-12-23,risk_first,46137,0.0715247,0,0,4.337392,2,0.0,low,clustered,,监测报警
2024-12-23,risk_first,46138,0.07325436,0,0,16.71995,0,0.0,low,isolated,,监测报警
2024-12-23,risk_first,42153,0.395,,0,10.973828,0,0.0,moderate,isolated,工业企业,监测报警
2024-12-23,risk_first,42152,0.5,,0,16.783443,0,0.0,high,isolated,工业企业,监测报警
2024-12-23,risk_first,42156,0.5,,0,1.189776,1,0.0,high,clustered,工业企业,监测报警
2024-12-23,risk_first,42158,0.395,,0,8.637252,0,0.0,moderate,isolated,工业企业,监测报警
2024-12-23,risk_first,42155,0.5,,0,1.189776,1,0.0,high,clustered,工业企业,监测报警
2024-12-23,deterministic_sir,40568,0.36359039,0,0,7.71965,0,0.0,moderate,isolated,其他面源-固定餐饮,自查自报
2024-12-23,deterministic_sir,40567,0.35867192,0,0,0.009036,2,0.0,moderate,clustered,其他面源-固定餐饮,自查自报
2024-12-23,deterministic_sir,40566,0.17873327,0,0,1.582245,1,0.0,moderate,clustered,汽修,自查自报
2024-12-23,deterministic_sir,40565,0.36416469,0,0,14.866809,0,0.0,moderate,isolated,其他面源-固定餐饮,自查自报
2024-12-23,deterministic_sir,40564,0.36121324,0,0,0.009036,2,0.0,moderate,clustered,其他面源-固定餐饮,自查自报
2024-12-23,deterministic_sir,40563,0.36097919,0,0,1.582245,1,0.0,moderate,clustered,其他面源-固定餐饮,自查自报
2024-12-23,deterministic_sir,40562,0.37147031,1,1,0.607268,7,0.607268,moderate,clustered,其他面源-流动餐饮,自查自报
2024-12-23,deterministic_sir,40561,0.37087187,1,1,0.607268,8,0.607268,moderate,clustered,其他面源-流动餐饮,自查自报
2024-12-23,deterministic_sir,40560,0.36953886,1,1,1.680264,8,1.680264,moderate,clustered,其他面源-流动餐饮,自查自报
2024-12-23,deterministic_sir,40559,0.37561357,1,1,1.085866,9,1.085866,moderate,clustered,其他面源-流动餐饮,自查自报
2024-12-23,deterministic_sir,40558,0.37227327,1,1,0.939265,9,0.939265,moderate,clustered,其他面源-流动餐饮,自查自报
2024-12-23,deterministic_sir,40557,0.37092474,1,1,0.939265,9,0.939265,moderate,clustered,其他面源-流动餐饮,自查自报
2024-12-23,deterministic_sir,40556,0.05887718,0,0,1.165373,5,0.0,low,clustered,工地道路-施工工地,自查自报
2024-12-23,deterministic_sir,40555,0.05708085,0,0,1.165373,4,0.0,low,clustered,工地道路-施工工地,自查自报
2024-12-23,deterministic_sir,40554,0.05792444,0,0,0.807024,7,0.0,low,clustered,工地道路-施工工地,自查自报
2024-12-23,deterministic_sir,40553,0.3745793,1,1,0.429212,7,0.429212,moderate,clustered,其他面源-流动餐饮,自查自报
2024-12-23,deterministic_sir,40552,0.37646767,1,1,0.429212,7,0.429212,moderate,clustered,其他面源-流动餐饮,自查自报
2024-12-23,deterministic_sir,40551,0.05583002,0,0,2.732717,3,0.0,low,clustered,工地道路-施工工地,自查自报
2024-12-23,deterministic_sir,40550,0.37327774,1,1,0.946931,6,3.641961,moderate,clustered,其他面源-流动餐饮,自查自报
2024-12-23,deterministic_sir,40549,0.0628613,0,0,0.946931,5,0.0,low,clustered,工地道路-施工工地,自查自报
2024-12-23,deterministic_sir,40548,0.05503436,0,0,1.664857,8,0.0,low,clustered,工地道路-施工工地,自查自报
2024-12-23,deterministic_sir,46139,0.07089978,0,0,4.640128,1,0.0,low,clustered,,监测报警
2024-12-23,deterministic_sir,42169,0.5,,0,14.866809,0,0.0,high,isolated,工业企业,监测报警
2024-12-23,deterministic_sir,42167,0.5,,0,1.470173,5,0.0,high,clustered,工业企业,监测报警
2024-12-23,deterministic_sir,42168,0.5,,0,0.135347,5,0.0,high,clustered,工业企业,监测报警
2024-12-23,deterministic_sir,42165,0.5,,0,0.267642,5,0.0,high,clustered,工业企业,监测报警
2024-12-23,deterministic_sir,42166,0.5,,0,0.135347,5,0.0,high,clustered,工业企业,监测报警
2024-12-23,deterministic_sir,42164,0.5,,0,0.394534,5,0.0,high,clustered,工业企业,监测报警
2024-12-23,deterministic_sir,42163,0.5,,1,12.537294,0,12.768895,high,isolated,工业企业,监测报警
2024-12-23,deterministic_sir,42161,0.395,,1,4.640128,1,15.76372,moderate,clustered,工业企业,监测报警
2024-12-23,deterministic_sir,42159,0.395,,0,23.718501,0,0.0,moderate,isolated,工业企业,监测报警
2024-12-23,deterministic_sir,42162,0.5,,1,8.637252,0,8.637252,high,isolated,工业企业,监测报警
2024-12-23,deterministic_sir,42160,0.5,,0,1.52349,5,0.0,high,clustered,工业企业,监测报警
2024-12-23,deterministic_sir,46137,0.0715247,0,0,4.337392,2,0.0,low,clustered,,监测报警
2024-12-23,deterministic_sir,46138,0.07325436,0,0,16.71995,0,0.0,low,isolated,,监测报警
2024-12-23,deterministic_sir,42153,0.395,,0,10.973828,0,0.0,moderate,isolated,工业企业,监测报警
2024-12-23,deterministic_sir,42152,0.5,,0,16.783443,0,0.0,high,isolated,工业企业,监测报警
2024-12-23,deterministic_sir,42156,0.5,,1,1.189776,1,1.189776,high,clustered,工业企业,监测报警
2024-12-23,deterministic_sir,42158,0.395,,1,8.637252,0,8.637252,moderate,isolated,工业企业,监测报警
2024-12-23,deterministic_sir,42155,0.5,,1,1.189776,1,1.189776,high,clustered,工业企业,监测报警
2024-12-23,saa_no_recourse,40568,0.36359039,0,1,7.71965,0,11.243233,moderate,isolated,其他面源-固定餐饮,自查自报
2024-12-23,saa_no_recourse,40567,0.35867192,0,0,0.009036,2,0.0,moderate,clustered,其他面源-固定餐饮,自查自报
2024-12-23,saa_no_recourse,40566,0.17873327,0,0,1.582245,1,0.0,moderate,clustered,汽修,自查自报
2024-12-23,saa_no_recourse,40565,0.36416469,0,1,14.866809,0,14.866809,moderate,isolated,其他面源-固定餐饮,自查自报
2024-12-23,saa_no_recourse,40564,0.36121324,0,0,0.009036,2,0.0,moderate,clustered,其他面源-固定餐饮,自查自报
2024-12-23,saa_no_recourse,40563,0.36097919,0,0,1.582245,1,0.0,moderate,clustered,其他面源-固定餐饮,自查自报
2024-12-23,saa_no_recourse,40562,0.37147031,1,1,0.607268,7,0.607268,moderate,clustered,其他面源-流动餐饮,自查自报
2024-12-23,saa_no_recourse,40561,0.37087187,1,1,0.607268,8,0.607268,moderate,clustered,其他面源-流动餐饮,自查自报
2024-12-23,saa_no_recourse,40560,0.36953886,1,1,1.680264,8,1.680264,moderate,clustered,其他面源-流动餐饮,自查自报
2024-12-23,saa_no_recourse,40559,0.37561357,1,1,1.085866,9,1.085866,moderate,clustered,其他面源-流动餐饮,自查自报
2024-12-23,saa_no_recourse,40558,0.37227327,1,1,0.939265,9,0.939265,moderate,clustered,其他面源-流动餐饮,自查自报
2024-12-23,saa_no_recourse,40557,0.37092474,1,1,0.939265,9,0.939265,moderate,clustered,其他面源-流动餐饮,自查自报
2024-12-23,saa_no_recourse,40556,0.05887718,0,0,1.165373,5,0.0,low,clustered,工地道路-施工工地,自查自报
2024-12-23,saa_no_recourse,40555,0.05708085,0,0,1.165373,4,0.0,low,clustered,工地道路-施工工地,自查自报
2024-12-23,saa_no_recourse,40554,0.05792444,0,0,0.807024,7,0.0,low,clustered,工地道路-施工工地,自查自报
2024-12-23,saa_no_recourse,40553,0.3745793,1,1,0.429212,7,0.429212,moderate,clustered,其他面源-流动餐饮,自查自报
2024-12-23,saa_no_recourse,40552,0.37646767,1,1,0.429212,7,0.429212,moderate,clustered,其他面源-流动餐饮,自查自报
2024-12-23,saa_no_recourse,40551,0.05583002,0,0,2.732717,3,0.0,low,clustered,工地道路-施工工地,自查自报
2024-12-23,saa_no_recourse,40550,0.37327774,1,1,0.946931,6,3.641961,moderate,clustered,其他面源-流动餐饮,自查自报
2024-12-23,saa_no_recourse,40549,0.0628613,0,0,0.946931,5,0.0,low,clustered,工地道路-施工工地,自查自报
2024-12-23,saa_no_recourse,40548,0.05503436,0,0,1.664857,8,0.0,low,clustered,工地道路-施工工地,自查自报
2024-12-23,saa_no_recourse,46139,0.07089978,0,0,4.640128,1,0.0,low,clustered,,监测报警
2024-12-23,saa_no_recourse,42169,0.5,,1,14.866809,0,14.866809,high,isolated,工业企业,监测报警
2024-12-23,saa_no_recourse,42167,0.5,,1,1.470173,5,1.470173,high,clustered,工业企业,监测报警
2024-12-23,saa_no_recourse,42168,0.5,,1,0.135347,5,0.135347,high,clustered,工业企业,监测报警
2024-12-23,saa_no_recourse,42165,0.5,,1,0.267642,5,0.267642,high,clustered,工业企业,监测报警
2024-12-23,saa_no_recourse,42166,0.5,,1,0.135347,5,0.135347,high,clustered,工业企业,监测报警
2024-12-23,saa_no_recourse,42164,0.5,,1,0.394534,5,0.394534,high,clustered,工业企业,监测报警
2024-12-23,saa_no_recourse,42163,0.5,,1,12.537294,0,12.537294,high,isolated,工业企业,监测报警
2024-12-23,saa_no_recourse,42161,0.395,,0,4.640128,1,0.0,moderate,clustered,工业企业,监测报警
2024-12-23,saa_no_recourse,42159,0.395,,0,23.718501,0,0.0,moderate,isolated,工业企业,监测报警
2024-12-23,saa_no_recourse,42162,0.5,,1,8.637252,0,8.637252,high,isolated,工业企业,监测报警
2024-12-23,saa_no_recourse,42160,0.5,,1,1.52349,5,1.52349,high,clustered,工业企业,监测报警
2024-12-23,saa_no_recourse,46137,0.0715247,0,0,4.337392,2,0.0,low,clustered,,监测报警
2024-12-23,saa_no_recourse,46138,0.07325436,0,0,16.71995,0,0.0,low,isolated,,监测报警
2024-12-23,saa_no_recourse,42153,0.395,,1,10.973828,0,10.973828,moderate,isolated,工业企业,监测报警
2024-12-23,saa_no_recourse,42152,0.5,,0,16.783443,0,0.0,high,isolated,工业企业,监测报警
2024-12-23,saa_no_recourse,42156,0.5,,1,1.189776,1,1.189776,high,clustered,工业企业,监测报警
2024-12-23,saa_no_recourse,42158,0.395,,1,8.637252,0,8.637252,moderate,isolated,工业企业,监测报警
2024-12-23,saa_no_recourse,42155,0.5,,1,1.189776,1,1.189776,high,clustered,工业企业,监测报警
2024-12-23,two_stage_recourse,40568,0.36359039,0,1,7.71965,0,11.425105,moderate,isolated,其他面源-固定餐饮,自查自报
2024-12-23,two_stage_recourse,40567,0.35867192,0,0,0.009036,2,0.0,moderate,clustered,其他面源-固定餐饮,自查自报
2024-12-23,two_stage_recourse,40566,0.17873327,0,0,1.582245,1,0.0,moderate,clustered,汽修,自查自报
2024-12-23,two_stage_recourse,40565,0.36416469,0,1,14.866809,0,21.883632,moderate,isolated,其他面源-固定餐饮,自查自报
2024-12-23,two_stage_recourse,40564,0.36121324,0,0,0.009036,2,0.0,moderate,clustered,其他面源-固定餐饮,自查自报
2024-12-23,two_stage_recourse,40563,0.36097919,0,0,1.582245,1,0.0,moderate,clustered,其他面源-固定餐饮,自查自报
2024-12-23,two_stage_recourse,40562,0.37147031,1,0,0.607268,7,0.0,moderate,clustered,其他面源-流动餐饮,自查自报
2024-12-23,two_stage_recourse,40561,0.37087187,1,1,0.607268,8,1.680264,moderate,clustered,其他面源-流动餐饮,自查自报
2024-12-23,two_stage_recourse,40560,0.36953886,1,1,1.680264,8,1.680264,moderate,clustered,其他面源-流动餐饮,自查自报
2024-12-23,two_stage_recourse,40559,0.37561357,1,0,1.085866,9,0.0,moderate,clustered,其他面源-流动餐饮,自查自报
2024-12-23,two_stage_recourse,40558,0.37227327,1,1,0.939265,9,2.652827,moderate,clustered,其他面源-流动餐饮,自查自报
2024-12-23,two_stage_recourse,40557,0.37092474,1,0,0.939265,9,0.0,moderate,clustered,其他面源-流动餐饮,自查自报
2024-12-23,two_stage_recourse,40556,0.05887718,0,0,1.165373,5,0.0,low,clustered,工地道路-施工工地,自查自报
2024-12-23,two_stage_recourse,40555,0.05708085,0,0,1.165373,4,0.0,low,clustered,工地道路-施工工地,自查自报
2024-12-23,two_stage_recourse,40554,0.05792444,0,0,0.807024,7,0.0,low,clustered,工地道路-施工工地,自查自报
2024-12-23,two_stage_recourse,40553,0.3745793,1,0,0.429212,7,0.0,moderate,clustered,其他面源-流动餐饮,自查自报
2024-12-23,two_stage_recourse,40552,0.37646767,1,1,0.429212,7,3.411443,moderate,clustered,其他面源-流动餐饮,自查自报
2024-12-23,two_stage_recourse,40551,0.05583002,0,0,2.732717,3,0.0,low,clustered,工地道路-施工工地,自查自报
2024-12-23,two_stage_recourse,40550,0.37327774,1,1,0.946931,6,3.641961,moderate,clustered,其他面源-流动餐饮,自查自报
2024-12-23,two_stage_recourse,40549,0.0628613,0,0,0.946931,5,0.0,low,clustered,工地道路-施工工地,自查自报
2024-12-23,two_stage_recourse,40548,0.05503436,0,0,1.664857,8,0.0,low,clustered,工地道路-施工工地,自查自报
2024-12-23,two_stage_recourse,46139,0.07089978,0,0,4.640128,1,0.0,low,clustered,,监测报警
2024-12-23,two_stage_recourse,42169,0.5,,0,14.866809,0,0.0,high,isolated,工业企业,监测报警
2024-12-23,two_stage_recourse,42167,0.5,,1,1.470173,5,1.470173,high,clustered,工业企业,监测报警
2024-12-23,two_stage_recourse,42168,0.5,,1,0.135347,5,0.135347,high,clustered,工业企业,监测报警
2024-12-23,two_stage_recourse,42165,0.5,,1,0.267642,5,0.267642,high,clustered,工业企业,监测报警
2024-12-23,two_stage_recourse,42166,0.5,,1,0.135347,5,0.135347,high,clustered,工业企业,监测报警
2024-12-23,two_stage_recourse,42164,0.5,,1,0.394534,5,0.394534,high,clustered,工业企业,监测报警
2024-12-23,two_stage_recourse,42163,0.5,,1,12.537294,0,12.768895,high,isolated,工业企业,监测报警
2024-12-23,two_stage_recourse,42161,0.395,,0,4.640128,1,0.0,moderate,clustered,工业企业,监测报警
2024-12-23,two_stage_recourse,42159,0.395,,0,23.718501,0,0.0,moderate,isolated,工业企业,监测报警
2024-12-23,two_stage_recourse,42162,0.5,,1,8.637252,0,12.768895,high,isolated,工业企业,监测报警
2024-12-23,two_stage_recourse,42160,0.5,,1,1.52349,5,1.52349,high,clustered,工业企业,监测报警
2024-12-23,two_stage_recourse,46137,0.0715247,0,0,4.337392,2,0.0,low,clustered,,监测报警
2024-12-23,two_stage_recourse,46138,0.07325436,0,0,16.71995,0,0.0,low,isolated,,监测报警
2024-12-23,two_stage_recourse,42153,0.395,,0,10.973828,0,0.0,moderate,isolated,工业企业,监测报警
2024-12-23,two_stage_recourse,42152,0.5,,0,16.783443,0,0.0,high,isolated,工业企业,监测报警
2024-12-23,two_stage_recourse,42156,0.5,,1,1.189776,1,1.189776,high,clustered,工业企业,监测报警
2024-12-23,two_stage_recourse,42158,0.395,,0,8.637252,0,0.0,moderate,isolated,工业企业,监测报警
2024-12-23,two_stage_recourse,42155,0.5,,1,1.189776,1,1.189776,high,clustered,工业企业,监测报警
2024-12-23,dro_recourse,40568,0.36359039,0,1,7.71965,0,12.417963,moderate,isolated,其他面源-固定餐饮,自查自报
2024-12-23,dro_recourse,40567,0.35867192,0,0,0.009036,2,0.0,moderate,clustered,其他面源-固定餐饮,自查自报
2024-12-23,dro_recourse,40566,0.17873327,0,0,1.582245,1,0.0,moderate,clustered,汽修,自查自报
2024-12-23,dro_recourse,40565,0.36416469,0,0,14.866809,0,0.0,moderate,isolated,其他面源-固定餐饮,自查自报
2024-12-23,dro_recourse,40564,0.36121324,0,0,0.009036,2,0.0,moderate,clustered,其他面源-固定餐饮,自查自报
2024-12-23,dro_recourse,40563,0.36097919,0,0,1.582245,1,0.0,moderate,clustered,其他面源-固定餐饮,自查自报
2024-12-23,dro_recourse,40562,0.37147031,1,0,0.607268,7,0.0,moderate,clustered,其他面源-流动餐饮,自查自报
2024-12-23,dro_recourse,40561,0.37087187,1,0,0.607268,8,0.0,moderate,clustered,其他面源-流动餐饮,自查自报
2024-12-23,dro_recourse,40560,0.36953886,1,1,1.680264,8,2.652827,moderate,clustered,其他面源-流动餐饮,自查自报
2024-12-23,dro_recourse,40559,0.37561357,1,0,1.085866,9,0.0,moderate,clustered,其他面源-流动餐饮,自查自报
2024-12-23,dro_recourse,40558,0.37227327,1,1,0.939265,9,2.652827,moderate,clustered,其他面源-流动餐饮,自查自报
2024-12-23,dro_recourse,40557,0.37092474,1,0,0.939265,9,0.0,moderate,clustered,其他面源-流动餐饮,自查自报
2024-12-23,dro_recourse,40556,0.05887718,0,0,1.165373,5,0.0,low,clustered,工地道路-施工工地,自查自报
2024-12-23,dro_recourse,40555,0.05708085,0,0,1.165373,4,0.0,low,clustered,工地道路-施工工地,自查自报
2024-12-23,dro_recourse,40554,0.05792444,0,0,0.807024,7,0.0,low,clustered,工地道路-施工工地,自查自报
2024-12-23,dro_recourse,40553,0.3745793,1,1,0.429212,7,0.429212,moderate,clustered,其他面源-流动餐饮,自查自报
2024-12-23,dro_recourse,40552,0.37646767,1,1,0.429212,7,0.429212,moderate,clustered,其他面源-流动餐饮,自查自报
2024-12-23,dro_recourse,40551,0.05583002,0,0,2.732717,3,0.0,low,clustered,工地道路-施工工地,自查自报
2024-12-23,dro_recourse,40550,0.37327774,1,1,0.946931,6,3.641961,moderate,clustered,其他面源-流动餐饮,自查自报
2024-12-23,dro_recourse,40549,0.0628613,0,0,0.946931,5,0.0,low,clustered,工地道路-施工工地,自查自报
2024-12-23,dro_recourse,40548,0.05503436,0,0,1.664857,8,0.0,low,clustered,工地道路-施工工地,自查自报
2024-12-23,dro_recourse,46139,0.07089978,0,0,4.640128,1,0.0,low,clustered,,监测报警
2024-12-23,dro_recourse,42169,0.5,,1,14.866809,0,22.977198,high,isolated,工业企业,监测报警
2024-12-23,dro_recourse,42167,0.5,,1,1.470173,5,1.470173,high,clustered,工业企业,监测报警
2024-12-23,dro_recourse,42168,0.5,,1,0.135347,5,0.135347,high,clustered,工业企业,监测报警
2024-12-23,dro_recourse,42165,0.5,,1,0.267642,5,0.267642,high,clustered,工业企业,监测报警
2024-12-23,dro_recourse,42166,0.5,,1,0.135347,5,0.135347,high,clustered,工业企业,监测报警
2024-12-23,dro_recourse,42164,0.5,,1,0.394534,5,0.394534,high,clustered,工业企业,监测报警
2024-12-23,dro_recourse,42163,0.5,,1,12.537294,0,12.537294,high,isolated,工业企业,监测报警
2024-12-23,dro_recourse,42161,0.395,,0,4.640128,1,0.0,moderate,clustered,工业企业,监测报警
2024-12-23,dro_recourse,42159,0.395,,0,23.718501,0,0.0,moderate,isolated,工业企业,监测报警
2024-12-23,dro_recourse,42162,0.5,,1,8.637252,0,8.637252,high,isolated,工业企业,监测报警
2024-12-23,dro_recourse,42160,0.5,,1,1.52349,5,1.52349,high,clustered,工业企业,监测报警
2024-12-23,dro_recourse,46137,0.0715247,0,0,4.337392,2,0.0,low,clustered,,监测报警
2024-12-23,dro_recourse,46138,0.07325436,0,0,16.71995,0,0.0,low,isolated,,监测报警
2024-12-23,dro_recourse,42153,0.395,,1,10.973828,0,10.973828,moderate,isolated,工业企业,监测报警
2024-12-23,dro_recourse,42152,0.5,,0,16.783443,0,0.0,high,isolated,工业企业,监测报警
2024-12-23,dro_recourse,42156,0.5,,1,1.189776,1,1.189776,high,clustered,工业企业,监测报警
2024-12-23,dro_recourse,42158,0.395,,1,8.637252,0,8.637252,moderate,isolated,工业企业,监测报警
2024-12-23,dro_recourse,42155,0.5,,1,1.189776,1,1.189776,high,clustered,工业企业,监测报警
2024-12-24,risk_first,40686,0.36042295,0,0,0.013637,3,0.0,moderate,clustered,其他面源-固定餐饮,自查自报
2024-12-24,risk_first,40685,0.36008934,0,0,0.013637,3,0.0,moderate,clustered,其他面源-固定餐饮,自查自报
2024-12-24,risk_first,40684,0.36252912,0,1,0.871584,13,0.871584,moderate,clustered,其他面源-固定餐饮,自查自报
2024-12-24,risk_first,40683,0.173369,1,0,6.313066,0,0.0,moderate,isolated,汽修,自查自报
2024-12-24,risk_first,40682,0.36835762,0,1,3.343198,1,3.343198,high,clustered,其他面源-固定餐饮,自查自报
2024-12-24,risk_first,40681,0.36310295,0,0,6.184809,0,0.0,moderate,isolated,其他面源-固定餐饮,自查自报
2024-12-24,risk_first,40680,0.05839148,0,0,0.282033,4,0.0,low,clustered,工地道路-施工工地,自查自报
2024-12-24,risk_first,40678,0.36549072,0,0,0.14455,2,0.0,moderate,clustered,其他面源-固定餐饮,自查自报
2024-12-24,risk_first,40679,0.05762764,0,0,0.293272,4,0.0,low,clustered,工地道路-施工工地,自查自报
2024-12-24,risk_first,40677,0.36430271,0,0,0.0095,2,0.0,moderate,clustered,其他面源-固定餐饮,自查自报
2024-12-24,risk_first,40676,0.36705217,0,0,0.386805,2,0.0,moderate,clustered,其他面源-固定餐饮,自查自报
2024-12-24,risk_first,40675,0.35477647,0,0,0.0095,2,0.0,moderate,clustered,其他面源-固定餐饮,自查自报
2024-12-24,risk_first,40674,0.36697417,0,0,0.386805,2,0.0,moderate,clustered,其他面源-固定餐饮,自查自报
2024-12-24,risk_first,40673,0.05754978,1,0,0.282033,4,0.0,low,clustered,工地道路-施工工地,自查自报
2024-12-24,risk_first,40672,0.06224564,0,0,0.400584,12,0.0,moderate,clustered,工地道路-施工工地,自查自报
2024-12-24,risk_first,40671,0.37384072,1,1,0.400584,12,2.917505,high,clustered,其他面源-流动餐饮,自查自报
2024-12-24,risk_first,40670,0.05685048,0,0,0.07735,9,0.0,low,clustered,工地道路-施工工地,自查自报
2024-12-24,risk_first,40669,0.05858262,0,0,0.07735,9,0.0,low,clustered,工地道路-施工工地,自查自报
2024-12-24,risk_first,40668,0.05999066,0,0,0.001581,11,0.0,moderate,clustered,工地道路-施工工地,自查自报
2024-12-24,risk_first,40667,0.05977206,0,0,0.001581,11,0.0,moderate,clustered,工地道路-施工工地,自查自报
2024-12-24,risk_first,40666,0.06044421,0,0,0.001891,11,0.0,moderate,clustered,工地道路-施工工地,自查自报
2024-12-24,risk_first,40665,0.05720685,0,0,0.505693,11,0.0,low,clustered,工地道路-施工工地,自查自报
2024-12-24,risk_first,46148,0.465,,1,2.92885,3,13.627124,high,clustered,,监测报警
2024-12-24,risk_first,40664,0.37766432,1,1,0.511624,11,1.27263,high,clustered,其他面源-流动餐饮,自查自报
2024-12-24,risk_first,42182,0.09101801,0,0,25.692862,0,0.0,moderate,isolated,工业企业,监测报警
2024-12-24,risk_first,40663,0.06260791,0,0,0.168355,8,0.0,moderate,clustered,工地道路-施工工地,自查自报
2024-12-24,risk_first,40662,0.05734804,0,0,0.168355,8,0.0,low,clustered,工地道路-施工工地,自查自报
2024-12-24,risk_first,40661,0.05944232,0,0,8.663718,0,0.0,low,isolated,工地道路-施工工地,自查自报
2024-12-24,risk_first,42180,0.5,,1,13.984211,0,13.984211,high,isolated,工业企业,监测报警
2024-12-24,risk_first,42181,0.08008802,0,0,3.971302,1,0.0,moderate,clustered,工业企业,监测报警
2024-12-24,risk_first,42178,0.5,,1,15.866144,0,15.866144,high,isolated,工业企业,监测报警
2024-12-24,risk_first,42179,0.5,,1,0.493718,13,0.871584,high,clustered,工业企业,监测报警
2024-12-24,risk_first,42177,0.5,,1,13.984211,0,13.984211,high,isolated,工业企业,监测报警
2024-12-24,risk_first,127789,0.40881021,0,0,37.243536,0,0.0,high,isolated,其他面源-露天焚烧,线上-省高空巡查
2024-12-24,risk_first,42175,0.5,,1,3.971302,1,15.866144,high,clustered,工业企业,监测报警
2024-12-24,risk_first,42176,0.5,,1,3.343198,1,3.343198,high,clustered,工业企业,监测报警
2024-12-24,risk_first,40660,0.05731996,1,0,3.443056,3,0.0,low,clustered,工地道路-施工工地,自查自报
2024-12-24,risk_first,40659,0.18467996,0,0,3.100004,2,0.0,moderate,clustered,汽修,自查自报
2024-12-24,risk_first,40658,0.363343,0,0,2.358774,11,0.0,moderate,clustered,其他面源-固定餐饮,自查自报
2024-12-24,risk_first,40657,0.18060215,1,0,3.032547,4,0.0,moderate,clustered,汽修,自查自报
2024-12-24,deterministic_sir,40686,0.36042295,0,1,0.013637,3,0.013637,moderate,clustered,其他面源-固定餐饮,自查自报
2024-12-24,deterministic_sir,40685,0.36008934,0,1,0.013637,3,0.013637,moderate,clustered,其他面源-固定餐饮,自查自报
2024-12-24,deterministic_sir,40684,0.36252912,0,1,0.871584,13,0.871584,moderate,clustered,其他面源-固定餐饮,自查自报
2024-12-24,deterministic_sir,40683,0.173369,1,0,6.313066,0,0.0,moderate,isolated,汽修,自查自报
2024-12-24,deterministic_sir,40682,0.36835762,0,0,3.343198,1,0.0,high,clustered,其他面源-固定餐饮,自查自报
2024-12-24,deterministic_sir,40681,0.36310295,0,1,6.184809,0,6.184809,moderate,isolated,其他面源-固定餐饮,自查自报
2024-12-24,deterministic_sir,40680,0.05839148,0,0,0.282033,4,0.0,low,clustered,工地道路-施工工地,自查自报
2024-12-24,deterministic_sir,40678,0.36549072,0,1,0.14455,2,0.14455,moderate,clustered,其他面源-固定餐饮,自查自报
2024-12-24,deterministic_sir,40679,0.05762764,0,0,0.293272,4,0.0,low,clustered,工地道路-施工工地,自查自报
2024-12-24,deterministic_sir,40677,0.36430271,0,1,0.0095,2,0.0095,moderate,clustered,其他面源-固定餐饮,自查自报
2024-12-24,deterministic_sir,40676,0.36705217,0,1,0.386805,2,0.386805,moderate,clustered,其他面源-固定餐饮,自查自报
2024-12-24,deterministic_sir,40675,0.35477647,0,1,0.0095,2,0.0095,moderate,clustered,其他面源-固定餐饮,自查自报
2024-12-24,deterministic_sir,40674,0.36697417,0,1,0.386805,2,0.386805,moderate,clustered,其他面源-固定餐饮,自查自报
2024-12-24,deterministic_sir,40673,0.05754978,1,0,0.282033,4,0.0,low,clustered,工地道路-施工工地,自查自报
2024-12-24,deterministic_sir,40672,0.06224564,0,0,0.400584,12,0.0,moderate,clustered,工地道路-施工工地,自查自报
2024-12-24,deterministic_sir,40671,0.37384072,1,1,0.400584,12,2.358774,high,clustered,其他面源-流动餐饮,自查自报
2024-12-24,deterministic_sir,40670,0.05685048,0,0,0.07735,9,0.0,low,clustered,工地道路-施工工地,自查自报
2024-12-24,deterministic_sir,40669,0.05858262,0,0,0.07735,9,0.0,low,clustered,工地道路-施工工地,自查自报
2024-12-24,deterministic_sir,40668,0.05999066,0,0,0.001581,11,0.0,moderate,clustered,工地道路-施工工地,自查自报
2024-12-24,deterministic_sir,40667,0.05977206,0,0,0.001581,11,0.0,moderate,clustered,工地道路-施工工地,自查自报
2024-12-24,deterministic_sir,40666,0.06044421,0,0,0.001891,11,0.0,moderate,clustered,工地道路-施工工地,自查自报
2024-12-24,deterministic_sir,40665,0.05720685,0,0,0.505693,11,0.0,low,clustered,工地道路-施工工地,自查自报
2024-12-24,deterministic_sir,46148,0.465,,1,2.92885,3,6.184809,high,clustered,,监测报警
2024-12-24,deterministic_sir,40664,0.37766432,1,1,0.511624,11,1.27263,high,clustered,其他面源-流动餐饮,自查自报
2024-12-24,deterministic_sir,42182,0.09101801,0,0,25.692862,0,0.0,moderate,isolated,工业企业,监测报警
2024-12-24,deterministic_sir,40663,0.06260791,0,0,0.168355,8,0.0,moderate,clustered,工地道路-施工工地,自查自报
2024-12-24,deterministic_sir,40662,0.05734804,0,0,0.168355,8,0.0,low,clustered,工地道路-施工工地,自查自报
2024-12-24,deterministic_sir,40661,0.05944232,0,0,8.663718,0,0.0,low,isolated,工地道路-施工工地,自查自报
2024-12-24,deterministic_sir,42180,0.5,,0,13.984211,0,0.0,high,isolated,工业企业,监测报警
2024-12-24,deterministic_sir,42181,0.08008802,0,0,3.971302,1,0.0,moderate,clustered,工业企业,监测报警
2024-12-24,deterministic_sir,42178,0.5,,0,15.866144,0,0.0,high,isolated,工业企业,监测报警
2024-12-24,deterministic_sir,42179,0.5,,1,0.493718,13,0.871584,high,clustered,工业企业,监测报警
2024-12-24,deterministic_sir,42177,0.5,,0,13.984211,0,0.0,high,isolated,工业企业,监测报警
2024-12-24,deterministic_sir,127789,0.40881021,0,0,37.243536,0,0.0,high,isolated,其他面源-露天焚烧,线上-省高空巡查
2024-12-24,deterministic_sir,42175,0.5,,1,3.971302,1,20.124786,high,clustered,工业企业,监测报警
2024-12-24,deterministic_sir,42176,0.5,,0,3.343198,1,0.0,high,clustered,工业企业,监测报警
2024-12-24,deterministic_sir,40660,0.05731996,1,0,3.443056,3,0.0,low,clustered,工地道路-施工工地,自查自报
2024-12-24,deterministic_sir,40659,0.18467996,0,0,3.100004,2,0.0,moderate,clustered,汽修,自查自报
2024-12-24,deterministic_sir,40658,0.363343,0,1,2.358774,11,2.358774,moderate,clustered,其他面源-固定餐饮,自查自报
2024-12-24,deterministic_sir,40657,0.18060215,1,0,3.032547,4,0.0,moderate,clustered,汽修,自查自报
2024-12-24,saa_no_recourse,40686,0.36042295,0,1,0.013637,3,5.699557,moderate,clustered,其他面源-固定餐饮,自查自报
2024-12-24,saa_no_recourse,40685,0.36008934,0,0,0.013637,3,0.0,moderate,clustered,其他面源-固定餐饮,自查自报
2024-12-24,saa_no_recourse,40684,0.36252912,0,1,0.871584,13,0.871584,moderate,clustered,其他面源-固定餐饮,自查自报
2024-12-24,saa_no_recourse,40683,0.173369,1,0,6.313066,0,0.0,moderate,isolated,汽修,自查自报
2024-12-24,saa_no_recourse,40682,0.36835762,0,1,3.343198,1,3.343198,high,clustered,其他面源-固定餐饮,自查自报
2024-12-24,saa_no_recourse,40681,0.36310295,0,1,6.184809,0,6.184809,moderate,isolated,其他面源-固定餐饮,自查自报
2024-12-24,saa_no_recourse,40680,0.05839148,0,0,0.282033,4,0.0,low,clustered,工地道路-施工工地,自查自报
2024-12-24,saa_no_recourse,40678,0.36549072,0,1,0.14455,2,0.14455,moderate,clustered,其他面源-固定餐饮,自查自报
2024-12-24,saa_no_recourse,40679,0.05762764,0,0,0.293272,4,0.0,low,clustered,工地道路-施工工地,自查自报
2024-12-24,saa_no_recourse,40677,0.36430271,0,1,0.0095,2,0.0095,moderate,clustered,其他面源-固定餐饮,自查自报
2024-12-24,saa_no_recourse,40676,0.36705217,0,1,0.386805,2,0.386805,moderate,clustered,其他面源-固定餐饮,自查自报
2024-12-24,saa_no_recourse,40675,0.35477647,0,1,0.0095,2,0.0095,moderate,clustered,其他面源-固定餐饮,自查自报
2024-12-24,saa_no_recourse,40674,0.36697417,0,1,0.386805,2,0.386805,moderate,clustered,其他面源-固定餐饮,自查自报
2024-12-24,saa_no_recourse,40673,0.05754978,1,0,0.282033,4,0.0,low,clustered,工地道路-施工工地,自查自报
2024-12-24,saa_no_recourse,40672,0.06224564,0,0,0.400584,12,0.0,moderate,clustered,工地道路-施工工地,自查自报
2024-12-24,saa_no_recourse,40671,0.37384072,1,1,0.400584,12,2.358774,high,clustered,其他面源-流动餐饮,自查自报
2024-12-24,saa_no_recourse,40670,0.05685048,0,0,0.07735,9,0.0,low,clustered,工地道路-施工工地,自查自报
2024-12-24,saa_no_recourse,40669,0.05858262,0,0,0.07735,9,0.0,low,clustered,工地道路-施工工地,自查自报
2024-12-24,saa_no_recourse,40668,0.05999066,0,0,0.001581,11,0.0,moderate,clustered,工地道路-施工工地,自查自报
2024-12-24,saa_no_recourse,40667,0.05977206,0,0,0.001581,11,0.0,moderate,clustered,工地道路-施工工地,自查自报
2024-12-24,saa_no_recourse,40666,0.06044421,0,0,0.001891,11,0.0,moderate,clustered,工地道路-施工工地,自查自报
2024-12-24,saa_no_recourse,40665,0.05720685,0,0,0.505693,11,0.0,low,clustered,工地道路-施工工地,自查自报
2024-12-24,saa_no_recourse,46148,0.465,,1,2.92885,3,6.184809,high,clustered,,监测报警
2024-12-24,saa_no_recourse,40664,0.37766432,1,1,0.511624,11,1.27263,high,clustered,其他面源-流动餐饮,自查自报
2024-12-24,saa_no_recourse,42182,0.09101801,0,0,25.692862,0,0.0,moderate,isolated,工业企业,监测报警
2024-12-24,saa_no_recourse,40663,0.06260791,0,1,0.168355,8,1.312394,moderate,clustered,工地道路-施工工地,自查自报
2024-12-24,saa_no_recourse,40662,0.05734804,0,0,0.168355,8,0.0,low,clustered,工地道路-施工工地,自查自报
2024-12-24,saa_no_recourse,40661,0.05944232,0,0,8.663718,0,0.0,low,isolated,工地道路-施工工地,自查自报
2024-12-24,saa_no_recourse,42180,0.5,,0,13.984211,0,0.0,high,isolated,工业企业,监测报警
2024-12-24,saa_no_recourse,42181,0.08008802,0,1,3.971302,1,3.971302,moderate,clustered,工业企业,监测报警
2024-12-24,saa_no_recourse,42178,0.5,,0,15.866144,0,0.0,high,isolated,工业企业,监测报警
2024-12-24,saa_no_recourse,42179,0.5,,1,0.493718,13,0.871584,high,clustered,工业企业,监测报警
2024-12-24,saa_no_recourse,42177,0.5,,0,13.984211,0,0.0,high,isolated,工业企业,监测报警
2024-12-24,saa_no_recourse,127789,0.40881021,0,0,37.243536,0,0.0,high,isolated,其他面源-露天焚烧,线上-省高空巡查
2024-12-24,saa_no_recourse,42175,0.5,,1,3.971302,1,3.971302,high,clustered,工业企业,监测报警
2024-12-24,saa_no_recourse,42176,0.5,,1,3.343198,1,3.343198,high,clustered,工业企业,监测报警
2024-12-24,saa_no_recourse,40660,0.05731996,1,0,3.443056,3,0.0,low,clustered,工地道路-施工工地,自查自报
2024-12-24,saa_no_recourse,40659,0.18467996,0,0,3.100004,2,0.0,moderate,clustered,汽修,自查自报
2024-12-24,saa_no_recourse,40658,0.363343,0,1,2.358774,11,2.358774,moderate,clustered,其他面源-固定餐饮,自查自报
2024-12-24,saa_no_recourse,40657,0.18060215,1,0,3.032547,4,0.0,moderate,clustered,汽修,自查自报
2024-12-24,two_stage_recourse,40686,0.36042295,0,1,0.013637,3,0.013637,moderate,clustered,其他面源-固定餐饮,自查自报
2024-12-24,two_stage_recourse,40685,0.36008934,0,1,0.013637,3,0.013637,moderate,clustered,其他面源-固定餐饮,自查自报
2024-12-24,two_stage_recourse,40684,0.36252912,0,1,0.871584,13,0.871584,moderate,clustered,其他面源-固定餐饮,自查自报
2024-12-24,two_stage_recourse,40683,0.173369,1,0,6.313066,0,0.0,moderate,isolated,汽修,自查自报
2024-12-24,two_stage_recourse,40682,0.36835762,0,1,3.343198,1,3.343198,high,clustered,其他面源-固定餐饮,自查自报
2024-12-24,two_stage_recourse,40681,0.36310295,0,1,6.184809,0,6.184809,moderate,isolated,其他面源-固定餐饮,自查自报
2024-12-24,two_stage_recourse,40680,0.05839148,0,0,0.282033,4,0.0,low,clustered,工地道路-施工工地,自查自报
2024-12-24,two_stage_recourse,40678,0.36549072,0,1,0.14455,2,0.14455,moderate,clustered,其他面源-固定餐饮,自查自报
2024-12-24,two_stage_recourse,40679,0.05762764,0,0,0.293272,4,0.0,low,clustered,工地道路-施工工地,自查自报
2024-12-24,two_stage_recourse,40677,0.36430271,0,1,0.0095,2,0.0095,moderate,clustered,其他面源-固定餐饮,自查自报
2024-12-24,two_stage_recourse,40676,0.36705217,0,1,0.386805,2,0.386805,moderate,clustered,其他面源-固定餐饮,自查自报
2024-12-24,two_stage_recourse,40675,0.35477647,0,1,0.0095,2,0.0095,moderate,clustered,其他面源-固定餐饮,自查自报
2024-12-24,two_stage_recourse,40674,0.36697417,0,1,0.386805,2,0.386805,moderate,clustered,其他面源-固定餐饮,自查自报
2024-12-24,two_stage_recourse,40673,0.05754978,1,0,0.282033,4,0.0,low,clustered,工地道路-施工工地,自查自报
2024-12-24,two_stage_recourse,40672,0.06224564,0,0,0.400584,12,0.0,moderate,clustered,工地道路-施工工地,自查自报
2024-12-24,two_stage_recourse,40671,0.37384072,1,1,0.400584,12,2.358774,high,clustered,其他面源-流动餐饮,自查自报
2024-12-24,two_stage_recourse,40670,0.05685048,0,0,0.07735,9,0.0,low,clustered,工地道路-施工工地,自查自报
2024-12-24,two_stage_recourse,40669,0.05858262,0,0,0.07735,9,0.0,low,clustered,工地道路-施工工地,自查自报
2024-12-24,two_stage_recourse,40668,0.05999066,0,1,0.001581,11,0.493718,moderate,clustered,工地道路-施工工地,自查自报
2024-12-24,two_stage_recourse,40667,0.05977206,0,0,0.001581,11,0.0,moderate,clustered,工地道路-施工工地,自查自报
2024-12-24,two_stage_recourse,40666,0.06044421,0,0,0.001891,11,0.0,moderate,clustered,工地道路-施工工地,自查自报
2024-12-24,two_stage_recourse,40665,0.05720685,0,0,0.505693,11,0.0,low,clustered,工地道路-施工工地,自查自报
2024-12-24,two_stage_recourse,46148,0.465,,1,2.92885,3,6.184809,high,clustered,,监测报警
2024-12-24,two_stage_recourse,40664,0.37766432,1,1,0.511624,11,0.874431,high,clustered,其他面源-流动餐饮,自查自报
2024-12-24,two_stage_recourse,42182,0.09101801,0,0,25.692862,0,0.0,moderate,isolated,工业企业,监测报警
2024-12-24,two_stage_recourse,40663,0.06260791,0,0,0.168355,8,0.0,moderate,clustered,工地道路-施工工地,自查自报
2024-12-24,two_stage_recourse,40662,0.05734804,0,0,0.168355,8,0.0,low,clustered,工地道路-施工工地,自查自报
2024-12-24,two_stage_recourse,40661,0.05944232,0,0,8.663718,0,0.0,low,isolated,工地道路-施工工地,自查自报
2024-12-24,two_stage_recourse,42180,0.5,,0,13.984211,0,0.0,high,isolated,工业企业,监测报警
2024-12-24,two_stage_recourse,42181,0.08008802,0,0,3.971302,1,0.0,moderate,clustered,工业企业,监测报警
2024-12-24,two_stage_recourse,42178,0.5,,0,15.866144,0,0.0,high,isolated,工业企业,监测报警
2024-12-24,two_stage_recourse,42179,0.5,,1,0.493718,13,0.493718,high,clustered,工业企业,监测报警
2024-12-24,two_stage_recourse,42177,0.5,,0,13.984211,0,0.0,high,isolated,工业企业,监测报警
2024-12-24,two_stage_recourse,127789,0.40881021,0,0,37.243536,0,0.0,high,isolated,其他面源-露天焚烧,线上-省高空巡查
2024-12-24,two_stage_recourse,42175,0.5,,0,3.971302,1,0.0,high,clustered,工业企业,监测报警
2024-12-24,two_stage_recourse,42176,0.5,,1,3.343198,1,3.343198,high,clustered,工业企业,监测报警
2024-12-24,two_stage_recourse,40660,0.05731996,1,0,3.443056,3,0.0,low,clustered,工地道路-施工工地,自查自报
2024-12-24,two_stage_recourse,40659,0.18467996,0,0,3.100004,2,0.0,moderate,clustered,汽修,自查自报
2024-12-24,two_stage_recourse,40658,0.363343,0,1,2.358774,11,2.358774,moderate,clustered,其他面源-固定餐饮,自查自报
2024-12-24,two_stage_recourse,40657,0.18060215,1,0,3.032547,4,0.0,moderate,clustered,汽修,自查自报
2024-12-24,dro_recourse,40686,0.36042295,0,1,0.013637,3,0.013637,moderate,clustered,其他面源-固定餐饮,自查自报
2024-12-24,dro_recourse,40685,0.36008934,0,1,0.013637,3,0.013637,moderate,clustered,其他面源-固定餐饮,自查自报
2024-12-24,dro_recourse,40684,0.36252912,0,1,0.871584,13,0.871584,moderate,clustered,其他面源-固定餐饮,自查自报
2024-12-24,dro_recourse,40683,0.173369,1,0,6.313066,0,0.0,moderate,isolated,汽修,自查自报
2024-12-24,dro_recourse,40682,0.36835762,0,1,3.343198,1,3.343198,high,clustered,其他面源-固定餐饮,自查自报
2024-12-24,dro_recourse,40681,0.36310295,0,1,6.184809,0,6.184809,moderate,isolated,其他面源-固定餐饮,自查自报
2024-12-24,dro_recourse,40680,0.05839148,0,0,0.282033,4,0.0,low,clustered,工地道路-施工工地,自查自报
2024-12-24,dro_recourse,40678,0.36549072,0,1,0.14455,2,0.14455,moderate,clustered,其他面源-固定餐饮,自查自报
2024-12-24,dro_recourse,40679,0.05762764,0,0,0.293272,4,0.0,low,clustered,工地道路-施工工地,自查自报
2024-12-24,dro_recourse,40677,0.36430271,0,1,0.0095,2,0.0095,moderate,clustered,其他面源-固定餐饮,自查自报
2024-12-24,dro_recourse,40676,0.36705217,0,1,0.386805,2,0.386805,moderate,clustered,其他面源-固定餐饮,自查自报
2024-12-24,dro_recourse,40675,0.35477647,0,1,0.0095,2,0.0095,moderate,clustered,其他面源-固定餐饮,自查自报
2024-12-24,dro_recourse,40674,0.36697417,0,1,0.386805,2,0.386805,moderate,clustered,其他面源-固定餐饮,自查自报
2024-12-24,dro_recourse,40673,0.05754978,1,0,0.282033,4,0.0,low,clustered,工地道路-施工工地,自查自报
2024-12-24,dro_recourse,40672,0.06224564,0,0,0.400584,12,0.0,moderate,clustered,工地道路-施工工地,自查自报
2024-12-24,dro_recourse,40671,0.37384072,1,1,0.400584,12,2.358774,high,clustered,其他面源-流动餐饮,自查自报
2024-12-24,dro_recourse,40670,0.05685048,0,0,0.07735,9,0.0,low,clustered,工地道路-施工工地,自查自报
2024-12-24,dro_recourse,40669,0.05858262,0,0,0.07735,9,0.0,low,clustered,工地道路-施工工地,自查自报
2024-12-24,dro_recourse,40668,0.05999066,0,0,0.001581,11,0.0,moderate,clustered,工地道路-施工工地,自查自报
2024-12-24,dro_recourse,40667,0.05977206,0,0,0.001581,11,0.0,moderate,clustered,工地道路-施工工地,自查自报
2024-12-24,dro_recourse,40666,0.06044421,0,0,0.001891,11,0.0,moderate,clustered,工地道路-施工工地,自查自报
2024-12-24,dro_recourse,40665,0.05720685,0,0,0.505693,11,0.0,low,clustered,工地道路-施工工地,自查自报
2024-12-24,dro_recourse,46148,0.465,,1,2.92885,3,6.184809,high,clustered,,监测报警
2024-12-24,dro_recourse,40664,0.37766432,1,1,0.511624,11,1.27263,high,clustered,其他面源-流动餐饮,自查自报
2024-12-24,dro_recourse,42182,0.09101801,0,0,25.692862,0,0.0,moderate,isolated,工业企业,监测报警
2024-12-24,dro_recourse,40663,0.06260791,0,0,0.168355,8,0.0,moderate,clustered,工地道路-施工工地,自查自报
2024-12-24,dro_recourse,40662,0.05734804,0,0,0.168355,8,0.0,low,clustered,工地道路-施工工地,自查自报
2024-12-24,dro_recourse,40661,0.05944232,0,0,8.663718,0,0.0,low,isolated,工地道路-施工工地,自查自报
2024-12-24,dro_recourse,42180,0.5,,0,13.984211,0,0.0,high,isolated,工业企业,监测报警
2024-12-24,dro_recourse,42181,0.08008802,0,0,3.971302,1,0.0,moderate,clustered,工业企业,监测报警
2024-12-24,dro_recourse,42178,0.5,,0,15.866144,0,0.0,high,isolated,工业企业,监测报警
2024-12-24,dro_recourse,42179,0.5,,1,0.493718,13,0.871584,high,clustered,工业企业,监测报警
2024-12-24,dro_recourse,42177,0.5,,0,13.984211,0,0.0,high,isolated,工业企业,监测报警
2024-12-24,dro_recourse,127789,0.40881021,0,0,37.243536,0,0.0,high,isolated,其他面源-露天焚烧,线上-省高空巡查
2024-12-24,dro_recourse,42175,0.5,,0,3.971302,1,0.0,high,clustered,工业企业,监测报警
2024-12-24,dro_recourse,42176,0.5,,1,3.343198,1,3.343198,high,clustered,工业企业,监测报警
2024-12-24,dro_recourse,40660,0.05731996,1,0,3.443056,3,0.0,low,clustered,工地道路-施工工地,自查自报
2024-12-24,dro_recourse,40659,0.18467996,0,1,3.100004,2,3.100004,moderate,clustered,汽修,自查自报
2024-12-24,dro_recourse,40658,0.363343,0,1,2.358774,11,2.358774,moderate,clustered,其他面源-固定餐饮,自查自报
2024-12-24,dro_recourse,40657,0.18060215,1,0,3.032547,4,0.0,moderate,clustered,汽修,自查自报
2024-12-26,risk_first,40921,0.21455315,0,0,4.930907,1,0.0,moderate,clustered,工业企业,自查自报
2024-12-26,risk_first,40920,0.36614782,0,0,0.004429,4,0.0,moderate,clustered,其他面源-固定餐饮,自查自报
2024-12-26,risk_first,40919,0.0599043,0,0,1.169956,1,0.0,moderate,clustered,工地道路-施工工地,自查自报
2024-12-26,risk_first,40918,0.36268556,0,0,0.006298,4,0.0,moderate,clustered,其他面源-固定餐饮,自查自报
2024-12-26,risk_first,40917,0.36706293,0,0,0.006298,4,0.0,moderate,clustered,其他面源-固定餐饮,自查自报
2024-12-26,risk_first,40916,0.38415783,1,1,2.339879,4,2.344596,high,clustered,其他面源-清扫扬尘,自查自报
2024-12-26,risk_first,40915,0.36649662,0,0,0.004429,4,0.0,moderate,clustered,其他面源-固定餐饮,自查自报
2024-12-26,risk_first,40914,0.36147064,0,0,1.169956,1,0.0,moderate,clustered,其他面源-固定餐饮,自查自报
2024-12-26,risk_first,40913,0.05868001,0,0,3.040956,5,0.0,low,clustered,工地道路-施工工地,自查自报
2024-12-26,risk_first,40912,0.37500719,1,1,0.004901,4,2.344596,high,clustered,其他面源-流动餐饮,自查自报
2024-12-26,risk_first,40911,0.05875202,0,0,0.004901,4,0.0,low,clustered,工地道路-施工工地,自查自报
2024-12-26,risk_first,40910,0.37626775,0,0,12.660397,0,0.0,high,isolated,其他面源-建材公司,自查自报
2024-12-26,risk_first,40909,0.05980637,0,0,0.067087,4,0.0,moderate,clustered,工地道路-施工工地,自查自报
2024-12-26,risk_first,40908,0.37452968,0,0,6.753722,0,0.0,high,isolated,其他面源-建材公司,自查自报
2024-12-26,risk_first,40907,0.05913636,0,0,4.222131,1,0.0,low,clustered,工地道路-施工工地,自查自报
2024-12-26,risk_first,40906,0.37091192,0,0,1.050559,2,0.0,moderate,clustered,其他面源-建材公司,自查自报
2024-12-26,risk_first,40905,0.37392186,0,0,1.050559,2,0.0,moderate,clustered,其他面源-建材公司,自查自报
2024-12-26,risk_first,40904,0.1282943,0,1,1.485539,6,10.886822,moderate,clustered,其他-空气监测站点,自查自报
2024-12-26,risk_first,40903,0.05843245,0,0,0.172603,7,0.0,low,clustered,工地道路-施工工地,自查自报
2024-12-26,risk_first,40902,0.0591085,0,0,0.172603,7,0.0,low,clustered,工地道路-施工工地,自查自报
2024-12-26,risk_first,40901,0.0591458,0,0,0.65428,6,0.0,low,clustered,工地道路-施工工地,自查自报
2024-12-26,risk_first,40900,0.05470534,0,0,0.231184,6,0.0,low,clustered,工地道路-施工工地,自查自报
2024-12-26,risk_first,40899,0.05631712,0,0,0.231184,6,0.0,low,clustered,工地道路-施工工地,自查自报
2024-12-26,risk_first,42269,0.09457504,0,0,0.037027,2,0.0,moderate,clustered,工业企业,监测报警
2024-12-26,risk_first,42270,0.09101801,0,0,4.930907,1,0.0,moderate,clustered,工业企业,监测报警
2024-12-26,risk_first,40898,0.05911282,0,0,0.65428,6,0.0,low,clustered,工地道路-施工工地,自查自报
2024-12-26,risk_first,40897,0.05972818,0,0,6.753722,0,0.0,moderate,isolated,工地道路-施工工地,自查自报
2024-12-26,risk_first,42268,0.5,,1,2.351621,1,2.351621,high,clustered,工业企业,监测报警
2024-12-26,risk_first,42267,0.5,,1,2.966914,4,3.647041,high,clustered,工业企业,监测报警
2024-12-26,risk_first,46173,0.0709222,0,0,9.787955,0,0.0,moderate,isolated,,监测报警
2024-12-26,risk_first,42261,0.5,,1,2.351621,1,2.351621,high,clustered,工业企业,监测报警
2024-12-26,risk_first,42262,0.09200455,0,0,1.658557,2,0.0,moderate,clustered,工业企业,监测报警
2024-12-26,risk_first,42263,0.5,,1,13.121644,0,13.121644,high,isolated,工业企业,监测报警
2024-12-26,risk_first,42264,0.5,,1,0.037027,2,4.31933,high,clustered,工业企业,监测报警
2024-12-26,risk_first,42265,0.5,,1,1.658557,2,3.647041,high,clustered,工业企业,监测报警
2024-12-26,risk_first,42266,0.5,,1,15.302947,0,22.08099,high,isolated,工业企业,监测报警
2024-12-26,risk_first,40896,0.0598918,1,0,6.167292,0,0.0,moderate,isolated,工地道路-施工工地,自查自报
2024-12-26,risk_first,40895,0.06058556,1,0,4.931002,2,0.0,moderate,clustered,工地道路-施工工地,自查自报
2024-12-26,risk_first,40894,0.05945372,0,0,4.121159,2,0.0,moderate,clustered,工地道路-施工工地,自查自报
2024-12-26,risk_first,40893,0.3628,0,0,0.242668,4,0.0,moderate,clustered,其他面源-固定餐饮,自查自报
2024-12-26,deterministic_sir,40921,0.21455315,0,0,4.930907,1,0.0,moderate,clustered,工业企业,自查自报
2024-12-26,deterministic_sir,40920,0.36614782,0,1,0.004429,4,0.004429,moderate,clustered,其他面源-固定餐饮,自查自报
2024-12-26,deterministic_sir,40919,0.0599043,0,0,1.169956,1,0.0,moderate,clustered,工地道路-施工工地,自查自报
2024-12-26,deterministic_sir,40918,0.36268556,0,1,0.006298,4,0.006298,moderate,clustered,其他面源-固定餐饮,自查自报
2024-12-26,deterministic_sir,40917,0.36706293,0,1,0.006298,4,0.006298,moderate,clustered,其他面源-固定餐饮,自查自报
2024-12-26,deterministic_sir,40916,0.38415783,1,1,2.339879,4,2.344596,high,clustered,其他面源-清扫扬尘,自查自报
2024-12-26,deterministic_sir,40915,0.36649662,0,1,0.004429,4,0.004429,moderate,clustered,其他面源-固定餐饮,自查自报
2024-12-26,deterministic_sir,40914,0.36147064,0,1,1.169956,1,9.570319,moderate,clustered,其他面源-固定餐饮,自查自报
2024-12-26,deterministic_sir,40913,0.05868001,0,0,3.040956,5,0.0,low,clustered,工地道路-施工工地,自查自报
2024-12-26,deterministic_sir,40912,0.37500719,1,1,0.004901,4,2.344596,high,clustered,其他面源-流动餐饮,自查自报
2024-12-26,deterministic_sir,40911,0.05875202,0,0,0.004901,4,0.0,low,clustered,工地道路-施工工地,自查自报
2024-12-26,deterministic_sir,40910,0.37626775,0,0,12.660397,0,0.0,high,isolated,其他面源-建材公司,自查自报
2024-12-26,deterministic_sir,40909,0.05980637,0,0,0.067087,4,0.0,moderate,clustered,工地道路-施工工地,自查自报
2024-12-26,deterministic_sir,40908,0.37452968,0,1,6.753722,0,8.669895,high,isolated,其他面源-建材公司,自查自报
2024-12-26,deterministic_sir,40907,0.05913636,0,0,4.222131,1,0.0,low,clustered,工地道路-施工工地,自查自报
2024-12-26,deterministic_sir,40906,0.37091192,0,1,1.050559,2,8.669895,moderate,clustered,其他面源-建材公司,自查自报
2024-12-26,deterministic_sir,40905,0.37392186,0,0,1.050559,2,0.0,moderate,clustered,其他面源-建材公司,自查自报
2024-12-26,deterministic_sir,40904,0.1282943,0,0,1.485539,6,0.0,moderate,clustered,其他-空气监测站点,自查自报
2024-12-26,deterministic_sir,40903,0.05843245,0,0,0.172603,7,0.0,low,clustered,工地道路-施工工地,自查自报
2024-12-26,deterministic_sir,40902,0.0591085,0,0,0.172603,7,0.0,low,clustered,工地道路-施工工地,自查自报
2024-12-26,deterministic_sir,40901,0.0591458,0,0,0.65428,6,0.0,low,clustered,工地道路-施工工地,自查自报
2024-12-26,deterministic_sir,40900,0.05470534,0,0,0.231184,6,0.0,low,clustered,工地道路-施工工地,自查自报
2024-12-26,deterministic_sir,40899,0.05631712,0,0,0.231184,6,0.0,low,clustered,工地道路-施工工地,自查自报
2024-12-26,deterministic_sir,42269,0.09457504,0,0,0.037027,2,0.0,moderate,clustered,工业企业,监测报警
2024-12-26,deterministic_sir,42270,0.09101801,0,0,4.930907,1,0.0,moderate,clustered,工业企业,监测报警
2024-12-26,deterministic_sir,40898,0.05911282,0,0,0.65428,6,0.0,low,clustered,工地道路-施工工地,自查自报
2024-12-26,deterministic_sir,40897,0.05972818,0,0,6.753722,0,0.0,moderate,isolated,工地道路-施工工地,自查自报
2024-12-26,deterministic_sir,42268,0.5,,1,2.351621,1,2.351621,high,clustered,工业企业,监测报警
2024-12-26,deterministic_sir,42267,0.5,,1,2.966914,4,3.647041,high,clustered,工业企业,监测报警
2024-12-26,deterministic_sir,46173,0.0709222,0,0,9.787955,0,0.0,moderate,isolated,,监测报警
2024-12-26,deterministic_sir,42261,0.5,,1,2.351621,1,2.351621,high,clustered,工业企业,监测报警
2024-12-26,deterministic_sir,42262,0.09200455,0,0,1.658557,2,0.0,moderate,clustered,工业企业,监测报警
2024-12-26,deterministic_sir,42263,0.5,,0,13.121644,0,0.0,high,isolated,工业企业,监测报警
2024-12-26,deterministic_sir,42264,0.5,,0,0.037027,2,0.0,high,clustered,工业企业,监测报警
2024-12-26,deterministic_sir,42265,0.5,,1,1.658557,2,3.647041,high,clustered,工业企业,监测报警
2024-12-26,deterministic_sir,42266,0.5,,0,15.302947,0,0.0,high,isolated,工业企业,监测报警
2024-12-26,deterministic_sir,40896,0.0598918,1,0,6.167292,0,0.0,moderate,isolated,工地道路-施工工地,自查自报
2024-12-26,deterministic_sir,40895,0.06058556,1,0,4.931002,2,0.0,moderate,clustered,工地道路-施工工地,自查自报
2024-12-26,deterministic_sir,40894,0.05945372,0,0,4.121159,2,0.0,moderate,clustered,工地道路-施工工地,自查自报
2024-12-26,deterministic_sir,40893,0.3628,0,1,0.242668,4,0.242668,moderate,clustered,其他面源-固定餐饮,自查自报
2024-12-26,saa_no_recourse,40921,0.21455315,0,0,4.930907,1,0.0,moderate,clustered,工业企业,自查自报
2024-12-26,saa_no_recourse,40920,0.36614782,0,1,0.004429,4,0.004429,moderate,clustered,其他面源-固定餐饮,自查自报
2024-12-26,saa_no_recourse,40919,0.0599043,0,0,1.169956,1,0.0,moderate,clustered,工地道路-施工工地,自查自报
2024-12-26,saa_no_recourse,40918,0.36268556,0,1,0.006298,4,0.006298,moderate,clustered,其他面源-固定餐饮,自查自报
2024-12-26,saa_no_recourse,40917,0.36706293,0,1,0.006298,4,0.006298,moderate,clustered,其他面源-固定餐饮,自查自报
2024-12-26,saa_no_recourse,40916,0.38415783,1,1,2.339879,4,2.344596,high,clustered,其他面源-清扫扬尘,自查自报
2024-12-26,saa_no_recourse,40915,0.36649662,0,1,0.004429,4,0.004429,moderate,clustered,其他面源-固定餐饮,自查自报
2024-12-26,saa_no_recourse,40914,0.36147064,0,1,1.169956,1,9.570319,moderate,clustered,其他面源-固定餐饮,自查自报
2024-12-26,saa_no_recourse,40913,0.05868001,0,0,3.040956,5,0.0,low,clustered,工地道路-施工工地,自查自报
2024-12-26,saa_no_recourse,40912,0.37500719,1,1,0.004901,4,2.344596,high,clustered,其他面源-流动餐饮,自查自报
2024-12-26,saa_no_recourse,40911,0.05875202,0,0,0.004901,4,0.0,low,clustered,工地道路-施工工地,自查自报
2024-12-26,saa_no_recourse,40910,0.37626775,0,0,12.660397,0,0.0,high,isolated,其他面源-建材公司,自查自报
2024-12-26,saa_no_recourse,40909,0.05980637,0,0,0.067087,4,0.0,moderate,clustered,工地道路-施工工地,自查自报
2024-12-26,saa_no_recourse,40908,0.37452968,0,1,6.753722,0,8.669895,high,isolated,其他面源-建材公司,自查自报
2024-12-26,saa_no_recourse,40907,0.05913636,0,0,4.222131,1,0.0,low,clustered,工地道路-施工工地,自查自报
2024-12-26,saa_no_recourse,40906,0.37091192,0,1,1.050559,2,1.050559,moderate,clustered,其他面源-建材公司,自查自报
2024-12-26,saa_no_recourse,40905,0.37392186,0,1,1.050559,2,1.050559,moderate,clustered,其他面源-建材公司,自查自报
2024-12-26,saa_no_recourse,40904,0.1282943,0,0,1.485539,6,0.0,moderate,clustered,其他-空气监测站点,自查自报
2024-12-26,saa_no_recourse,40903,0.05843245,0,0,0.172603,7,0.0,low,clustered,工地道路-施工工地,自查自报
2024-12-26,saa_no_recourse,40902,0.0591085,0,0,0.172603,7,0.0,low,clustered,工地道路-施工工地,自查自报
2024-12-26,saa_no_recourse,40901,0.0591458,0,0,0.65428,6,0.0,low,clustered,工地道路-施工工地,自查自报
2024-12-26,saa_no_recourse,40900,0.05470534,0,0,0.231184,6,0.0,low,clustered,工地道路-施工工地,自查自报
2024-12-26,saa_no_recourse,40899,0.05631712,0,0,0.231184,6,0.0,low,clustered,工地道路-施工工地,自查自报
2024-12-26,saa_no_recourse,42269,0.09457504,0,1,0.037027,2,0.037027,moderate,clustered,工业企业,监测报警
2024-12-26,saa_no_recourse,42270,0.09101801,0,0,4.930907,1,0.0,moderate,clustered,工业企业,监测报警
2024-12-26,saa_no_recourse,40898,0.05911282,0,0,0.65428,6,0.0,low,clustered,工地道路-施工工地,自查自报
2024-12-26,saa_no_recourse,40897,0.05972818,0,0,6.753722,0,0.0,moderate,isolated,工地道路-施工工地,自查自报
2024-12-26,saa_no_recourse,42268,0.5,,1,2.351621,1,2.351621,high,clustered,工业企业,监测报警
2024-12-26,saa_no_recourse,42267,0.5,,1,2.966914,4,3.647041,high,clustered,工业企业,监测报警
2024-12-26,saa_no_recourse,46173,0.0709222,0,0,9.787955,0,0.0,moderate,isolated,,监测报警
2024-12-26,saa_no_recourse,42261,0.5,,1,2.351621,1,2.351621,high,clustered,工业企业,监测报警
2024-12-26,saa_no_recourse,42262,0.09200455,0,0,1.658557,2,0.0,moderate,clustered,工业企业,监测报警
2024-12-26,saa_no_recourse,42263,0.5,,1,13.121644,0,13.121644,high,isolated,工业企业,监测报警
2024-12-26,saa_no_recourse,42264,0.5,,1,0.037027,2,0.037027,high,clustered,工业企业,监测报警
2024-12-26,saa_no_recourse,42265,0.5,,1,1.658557,2,3.647041,high,clustered,工业企业,监测报警
2024-12-26,saa_no_recourse,42266,0.5,,1,15.302947,0,22.08099,high,isolated,工业企业,监测报警
2024-12-26,saa_no_recourse,40896,0.0598918,1,0,6.167292,0,0.0,moderate,isolated,工地道路-施工工地,自查自报
2024-12-26,saa_no_recourse,40895,0.06058556,1,0,4.931002,2,0.0,moderate,clustered,工地道路-施工工地,自查自报
2024-12-26,saa_no_recourse,40894,0.05945372,0,0,4.121159,2,0.0,moderate,clustered,工地道路-施工工地,自查自报
2024-12-26,saa_no_recourse,40893,0.3628,0,0,0.242668,4,0.0,moderate,clustered,其他面源-固定餐饮,自查自报
2024-12-26,two_stage_recourse,40921,0.21455315,0,0,4.930907,1,0.0,moderate,clustered,工业企业,自查自报
2024-12-26,two_stage_recourse,40920,0.36614782,0,0,0.004429,4,0.0,moderate,clustered,其他面源-固定餐饮,自查自报
2024-12-26,two_stage_recourse,40919,0.0599043,0,0,1.169956,1,0.0,moderate,clustered,工地道路-施工工地,自查自报
2024-12-26,two_stage_recourse,40918,0.36268556,0,0,0.006298,4,0.0,moderate,clustered,其他面源-固定餐饮,自查自报
2024-12-26,two_stage_recourse,40917,0.36706293,0,0,0.006298,4,0.0,moderate,clustered,其他面源-固定餐饮,自查自报
2024-12-26,two_stage_recourse,40916,0.38415783,1,1,2.339879,4,2.344596,high,clustered,其他面源-清扫扬尘,自查自报
2024-12-26,two_stage_recourse,40915,0.36649662,0,0,0.004429,4,0.0,moderate,clustered,其他面源-固定餐饮,自查自报
2024-12-26,two_stage_recourse,40914,0.36147064,0,1,1.169956,1,9.570319,moderate,clustered,其他面源-固定餐饮,自查自报
2024-12-26,two_stage_recourse,40913,0.05868001,0,0,3.040956,5,0.0,low,clustered,工地道路-施工工地,自查自报
2024-12-26,two_stage_recourse,40912,0.37500719,1,1,0.004901,4,2.344596,high,clustered,其他面源-流动餐饮,自查自报
2024-12-26,two_stage_recourse,40911,0.05875202,0,0,0.004901,4,0.0,low,clustered,工地道路-施工工地,自查自报
2024-12-26,two_stage_recourse,40910,0.37626775,0,0,12.660397,0,0.0,high,isolated,其他面源-建材公司,自查自报
2024-12-26,two_stage_recourse,40909,0.05980637,0,0,0.067087,4,0.0,moderate,clustered,工地道路-施工工地,自查自报
2024-12-26,two_stage_recourse,40908,0.37452968,0,1,6.753722,0,9.570319,high,isolated,其他面源-建材公司,自查自报
2024-12-26,two_stage_recourse,40907,0.05913636,0,0,4.222131,1,0.0,low,clustered,工地道路-施工工地,自查自报
2024-12-26,two_stage_recourse,40906,0.37091192,0,0,1.050559,2,0.0,moderate,clustered,其他面源-建材公司,自查自报
2024-12-26,two_stage_recourse,40905,0.37392186,0,0,1.050559,2,0.0,moderate,clustered,其他面源-建材公司,自查自报
2024-12-26,two_stage_recourse,40904,0.1282943,0,1,1.485539,6,1.485539,moderate,clustered,其他-空气监测站点,自查自报
2024-12-26,two_stage_recourse,40903,0.05843245,0,1,0.172603,7,1.187744,low,clustered,工地道路-施工工地,自查自报
2024-12-26,two_stage_recourse,40902,0.0591085,0,0,0.172603,7,0.0,low,clustered,工地道路-施工工地,自查自报
2024-12-26,two_stage_recourse,40901,0.0591458,0,0,0.65428,6,0.0,low,clustered,工地道路-施工工地,自查自报
2024-12-26,two_stage_recourse,40900,0.05470534,0,1,0.231184,6,1.187744,low,clustered,工地道路-施工工地,自查自报
2024-12-26,two_stage_recourse,40899,0.05631712,0,0,0.231184,6,0.0,low,clustered,工地道路-施工工地,自查自报
2024-12-26,two_stage_recourse,42269,0.09457504,0,1,0.037027,2,0.037027,moderate,clustered,工业企业,监测报警
2024-12-26,two_stage_recourse,42270,0.09101801,0,0,4.930907,1,0.0,moderate,clustered,工业企业,监测报警
2024-12-26,two_stage_recourse,40898,0.05911282,0,0,0.65428,6,0.0,low,clustered,工地道路-施工工地,自查自报
2024-12-26,two_stage_recourse,40897,0.05972818,0,0,6.753722,0,0.0,moderate,isolated,工地道路-施工工地,自查自报
2024-12-26,two_stage_recourse,42268,0.5,,1,2.351621,1,2.351621,high,clustered,工业企业,监测报警
2024-12-26,two_stage_recourse,42267,0.5,,1,2.966914,4,3.647041,high,clustered,工业企业,监测报警
2024-12-26,two_stage_recourse,46173,0.0709222,0,0,9.787955,0,0.0,moderate,isolated,,监测报警
2024-12-26,two_stage_recourse,42261,0.5,,1,2.351621,1,2.351621,high,clustered,工业企业,监测报警
2024-12-26,two_stage_recourse,42262,0.09200455,0,0,1.658557,2,0.0,moderate,clustered,工业企业,监测报警
2024-12-26,two_stage_recourse,42263,0.5,,1,13.121644,0,13.121644,high,isolated,工业企业,监测报警
2024-12-26,two_stage_recourse,42264,0.5,,1,0.037027,2,0.037027,high,clustered,工业企业,监测报警
2024-12-26,two_stage_recourse,42265,0.5,,1,1.658557,2,3.647041,high,clustered,工业企业,监测报警
2024-12-26,two_stage_recourse,42266,0.5,,0,15.302947,0,0.0,high,isolated,工业企业,监测报警
2024-12-26,two_stage_recourse,40896,0.0598918,1,0,6.167292,0,0.0,moderate,isolated,工地道路-施工工地,自查自报
2024-12-26,two_stage_recourse,40895,0.06058556,1,0,4.931002,2,0.0,moderate,clustered,工地道路-施工工地,自查自报
2024-12-26,two_stage_recourse,40894,0.05945372,0,0,4.121159,2,0.0,moderate,clustered,工地道路-施工工地,自查自报
2024-12-26,two_stage_recourse,40893,0.3628,0,0,0.242668,4,0.0,moderate,clustered,其他面源-固定餐饮,自查自报
2024-12-26,dro_recourse,40921,0.21455315,0,0,4.930907,1,0.0,moderate,clustered,工业企业,自查自报
2024-12-26,dro_recourse,40920,0.36614782,0,0,0.004429,4,0.0,moderate,clustered,其他面源-固定餐饮,自查自报
2024-12-26,dro_recourse,40919,0.0599043,0,1,1.169956,1,1.169956,moderate,clustered,工地道路-施工工地,自查自报
2024-12-26,dro_recourse,40918,0.36268556,0,0,0.006298,4,0.0,moderate,clustered,其他面源-固定餐饮,自查自报
2024-12-26,dro_recourse,40917,0.36706293,0,0,0.006298,4,0.0,moderate,clustered,其他面源-固定餐饮,自查自报
2024-12-26,dro_recourse,40916,0.38415783,1,1,2.339879,4,2.344596,high,clustered,其他面源-清扫扬尘,自查自报
2024-12-26,dro_recourse,40915,0.36649662,0,0,0.004429,4,0.0,moderate,clustered,其他面源-固定餐饮,自查自报
2024-12-26,dro_recourse,40914,0.36147064,0,1,1.169956,1,1.169956,moderate,clustered,其他面源-固定餐饮,自查自报
2024-12-26,dro_recourse,40913,0.05868001,0,0,3.040956,5,0.0,low,clustered,工地道路-施工工地,自查自报
2024-12-26,dro_recourse,40912,0.37500719,1,1,0.004901,4,0.067087,high,clustered,其他面源-流动餐饮,自查自报
2024-12-26,dro_recourse,40911,0.05875202,0,0,0.004901,4,0.0,low,clustered,工地道路-施工工地,自查自报
2024-12-26,dro_recourse,40910,0.37626775,0,0,12.660397,0,0.0,high,isolated,其他面源-建材公司,自查自报
2024-12-26,dro_recourse,40909,0.05980637,0,1,0.067087,4,0.067087,moderate,clustered,工地道路-施工工地,自查自报
2024-12-26,dro_recourse,40908,0.37452968,0,1,6.753722,0,9.353293,high,isolated,其他面源-建材公司,自查自报
2024-12-26,dro_recourse,40907,0.05913636,0,0,4.222131,1,0.0,low,clustered,工地道路-施工工地,自查自报
2024-12-26,dro_recourse,40906,0.37091192,0,0,1.050559,2,0.0,moderate,clustered,其他面源-建材公司,自查自报
2024-12-26,dro_recourse,40905,0.37392186,0,0,1.050559,2,0.0,moderate,clustered,其他面源-建材公司,自查自报
2024-12-26,dro_recourse,40904,0.1282943,0,1,1.485539,6,10.839625,moderate,clustered,其他-空气监测站点,自查自报
2024-12-26,dro_recourse,40903,0.05843245,0,0,0.172603,7,0.0,low,clustered,工地道路-施工工地,自查自报
2024-12-26,dro_recourse,40902,0.0591085,0,0,0.172603,7,0.0,low,clustered,工地道路-施工工地,自查自报
2024-12-26,dro_recourse,40901,0.0591458,0,0,0.65428,6,0.0,low,clustered,工地道路-施工工地,自查自报
2024-12-26,dro_recourse,40900,0.05470534,0,0,0.231184,6,0.0,low,clustered,工地道路-施工工地,自查自报
2024-12-26,dro_recourse,40899,0.05631712,0,0,0.231184,6,0.0,low,clustered,工地道路-施工工地,自查自报
2024-12-26,dro_recourse,42269,0.09457504,0,1,0.037027,2,0.037027,moderate,clustered,工业企业,监测报警
2024-12-26,dro_recourse,42270,0.09101801,0,0,4.930907,1,0.0,moderate,clustered,工业企业,监测报警
2024-12-26,dro_recourse,40898,0.05911282,0,0,0.65428,6,0.0,low,clustered,工地道路-施工工地,自查自报
2024-12-26,dro_recourse,40897,0.05972818,0,0,6.753722,0,0.0,moderate,isolated,工地道路-施工工地,自查自报
2024-12-26,dro_recourse,42268,0.5,,1,2.351621,1,2.351621,high,clustered,工业企业,监测报警
2024-12-26,dro_recourse,42267,0.5,,1,2.966914,4,3.647041,high,clustered,工业企业,监测报警
2024-12-26,dro_recourse,46173,0.0709222,0,0,9.787955,0,0.0,moderate,isolated,,监测报警
2024-12-26,dro_recourse,42261,0.5,,1,2.351621,1,2.351621,high,clustered,工业企业,监测报警
2024-12-26,dro_recourse,42262,0.09200455,0,0,1.658557,2,0.0,moderate,clustered,工业企业,监测报警
2024-12-26,dro_recourse,42263,0.5,,1,13.121644,0,13.121644,high,isolated,工业企业,监测报警
2024-12-26,dro_recourse,42264,0.5,,1,0.037027,2,0.037027,high,clustered,工业企业,监测报警
2024-12-26,dro_recourse,42265,0.5,,1,1.658557,2,3.647041,high,clustered,工业企业,监测报警
2024-12-26,dro_recourse,42266,0.5,,0,15.302947,0,0.0,high,isolated,工业企业,监测报警
2024-12-26,dro_recourse,40896,0.0598918,1,0,6.167292,0,0.0,moderate,isolated,工地道路-施工工地,自查自报
2024-12-26,dro_recourse,40895,0.06058556,1,0,4.931002,2,0.0,moderate,clustered,工地道路-施工工地,自查自报
2024-12-26,dro_recourse,40894,0.05945372,0,0,4.121159,2,0.0,moderate,clustered,工地道路-施工工地,自查自报
2024-12-26,dro_recourse,40893,0.3628,0,0,0.242668,4,0.0,moderate,clustered,其他面源-固定餐饮,自查自报
2024-12-31,risk_first,41344,0.05690535,0,0,0.255765,1,0.0,low,clustered,工地道路-施工工地,自查自报
2024-12-31,risk_first,41343,0.05688172,0,0,0.255765,1,0.0,low,clustered,工地道路-施工工地,自查自报
2024-12-31,risk_first,41342,0.40099094,1,1,6.981591,0,8.24386,high,isolated,其他面源-露天焚烧,自查自报
2024-12-31,risk_first,46221,0.07047888,0,0,15.391533,0,0.0,moderate,isolated,,监测报警
2024-12-31,risk_first,128285,0.40819682,1,1,6.430616,0,6.430616,high,isolated,其他面源-露天焚烧,线上-省高空巡查
2024-12-31,risk_first,41341,0.05352863,1,0,0.543964,6,0.0,low,clustered,工地道路-施工工地,自查自报
2024-12-31,risk_first,128284,0.40952823,1,1,15.467113,0,16.413546,high,isolated,其他面源-露天焚烧,线上-省高空巡查
2024-12-31,risk_first,41340,0.20675071,0,0,0.886634,2,0.0,high,clustered,工业企业,自查自报
2024-12-31,risk_first,41339,0.05930868,1,0,0.534374,6,0.0,moderate,clustered,工地道路-施工工地,自查自报
2024-12-31,risk_first,41338,0.16930476,0,0,0.240178,4,0.0,moderate,clustered,汽修,自查自报
2024-12-31,risk_first,41337,0.20960458,0,0,3.144524,1,0.0,high,clustered,工业企业,自查自报
2024-12-31,risk_first,41336,0.06165266,1,0,0.457707,4,0.0,moderate,clustered,工地道路-施工工地,自查自报
2024-12-31,risk_first,41335,0.05792361,0,0,0.240178,4,0.0,low,clustered,工地道路-施工工地,自查自报
2024-12-31,risk_first,41334,0.05754123,0,0,0.534374,6,0.0,low,clustered,工地道路-施工工地,自查自报
2024-12-31,risk_first,41333,0.19844527,0,1,3.714616,1,3.714616,moderate,clustered,工业企业,自查自报
2024-12-31,risk_first,41332,0.05645372,0,0,0.492302,4,0.0,low,clustered,工地道路-施工工地,自查自报
2024-12-31,risk_first,41331,0.05992493,0,0,0.17966,3,0.0,moderate,clustered,工地道路-施工工地,自查自报
2024-12-31,risk_first,41330,0.20881273,1,1,0.924579,1,6.430616,high,clustered,工业企业,自查自报
2024-12-31,risk_first,41329,0.21179829,0,1,1.486325,1,1.486325,high,clustered,工业企业,自查自报
2024-12-31,risk_first,41328,0.17403605,1,0,0.001446,4,0.0,moderate,clustered,汽修,自查自报
2024-12-31,risk_first,41327,0.06057884,0,0,0.908355,6,0.0,moderate,clustered,工地道路-施工工地,自查自报
2024-12-31,risk_first,41326,0.19647008,1,0,0.886634,2,0.0,moderate,clustered,工业企业,自查自报
2024-12-31,risk_first,41325,0.05740769,0,0,0.457707,4,0.0,low,clustered,工地道路-施工工地,自查自报
2024-12-31,risk_first,41324,0.06041769,0,0,0.17966,3,0.0,moderate,clustered,工地道路-施工工地,自查自报
2024-12-31,risk_first,41323,0.06108803,0,0,0.424399,3,0.0,moderate,clustered,工地道路-施工工地,自查自报
2024-12-31,risk_first,41322,0.40478025,0,1,3.714616,1,3.714616,high,clustered,其他面源-露天焚烧,自查自报
2024-12-31,risk_first,46219,0.37965246,0,0,41.978089,0,0.0,high,isolated,其他面源-其他,监测报警
2024-12-31,risk_first,46220,0.07253984,0,0,3.144524,1,0.0,moderate,clustered,,监测报警
2024-12-31,risk_first,41321,0.18778113,1,0,0.924579,1,0.0,moderate,clustered,工业企业,自查自报
2024-12-31,risk_first,41320,0.20094222,1,0,1.798978,2,0.0,moderate,clustered,工业企业,自查自报
2024-12-31,risk_first,41319,0.40349686,0,1,1.486325,1,1.486325,high,clustered,其他面源-露天焚烧,自查自报
2024-12-31,risk_first,41318,0.05697017,0,0,0.542636,4,0.0,low,clustered,工地道路-施工工地,自查自报
2024-12-31,risk_first,41317,0.16534482,0,0,0.001446,4,0.0,moderate,clustered,汽修,自查自报
2024-12-31,risk_first,41316,0.05942276,0,0,0.006536,6,0.0,moderate,clustered,工地道路-施工工地,自查自报
2024-12-31,risk_first,41315,0.05953285,0,0,0.006536,6,0.0,moderate,clustered,工地道路-施工工地,自查自报
2024-12-31,risk_first,41314,0.05607163,0,0,0.548289,4,0.0,low,clustered,工地道路-施工工地,自查自报
2024-12-31,risk_first,41313,0.18041729,0,0,0.285114,4,0.0,moderate,clustered,汽修,自查自报
2024-12-31,risk_first,46218,0.07141269,0,0,9.396232,0,0.0,moderate,isolated,,监测报警
2024-12-31,risk_first,41312,0.1902496,0,0,0.424399,3,0.0,moderate,clustered,汽修,自查自报
2024-12-31,risk_first,41311,0.36060758,0,1,0.58566,6,14.583026,high,clustered,其他面源-固定餐饮,自查自报
2024-12-31,deterministic_sir,41344,0.05690535,0,0,0.255765,1,0.0,low,clustered,工地道路-施工工地,自查自报
2024-12-31,deterministic_sir,41343,0.05688172,0,0,0.255765,1,0.0,low,clustered,工地道路-施工工地,自查自报
2024-12-31,deterministic_sir,41342,0.40099094,1,1,6.981591,0,8.24386,high,isolated,其他面源-露天焚烧,自查自报
2024-12-31,deterministic_sir,46221,0.07047888,0,0,15.391533,0,0.0,moderate,isolated,,监测报警
2024-12-31,deterministic_sir,128285,0.40819682,1,1,6.430616,0,6.430616,high,isolated,其他面源-露天焚烧,线上-省高空巡查
2024-12-31,deterministic_sir,41341,0.05352863,1,0,0.543964,6,0.0,low,clustered,工地道路-施工工地,自查自报
2024-12-31,deterministic_sir,128284,0.40952823,1,1,15.467113,0,16.413546,high,isolated,其他面源-露天焚烧,线上-省高空巡查
2024-12-31,deterministic_sir,41340,0.20675071,0,0,0.886634,2,0.0,high,clustered,工业企业,自查自报
2024-12-31,deterministic_sir,41339,0.05930868,1,0,0.534374,6,0.0,moderate,clustered,工地道路-施工工地,自查自报
2024-12-31,deterministic_sir,41338,0.16930476,0,0,0.240178,4,0.0,moderate,clustered,汽修,自查自报
2024-12-31,deterministic_sir,41337,0.20960458,0,0,3.144524,1,0.0,high,clustered,工业企业,自查自报
2024-12-31,deterministic_sir,41336,0.06165266,1,0,0.457707,4,0.0,moderate,clustered,工地道路-施工工地,自查自报
2024-12-31,deterministic_sir,41335,0.05792361,0,0,0.240178,4,0.0,low,clustered,工地道路-施工工地,自查自报
2024-12-31,deterministic_sir,41334,0.05754123,0,1,0.534374,6,2.197384,low,clustered,工地道路-施工工地,自查自报
2024-12-31,deterministic_sir,41333,0.19844527,0,1,3.714616,1,3.714616,moderate,clustered,工业企业,自查自报
2024-12-31,deterministic_sir,41332,0.05645372,0,0,0.492302,4,0.0,low,clustered,工地道路-施工工地,自查自报
2024-12-31,deterministic_sir,41331,0.05992493,0,0,0.17966,3,0.0,moderate,clustered,工地道路-施工工地,自查自报
2024-12-31,deterministic_sir,41330,0.20881273,1,1,0.924579,1,0.924579,high,clustered,工业企业,自查自报
2024-12-31,deterministic_sir,41329,0.21179829,0,1,1.486325,1,1.486325,high,clustered,工业企业,自查自报
2024-12-31,deterministic_sir,41328,0.17403605,1,0,0.001446,4,0.0,moderate,clustered,汽修,自查自报
2024-12-31,deterministic_sir,41327,0.06057884,0,0,0.908355,6,0.0,moderate,clustered,工地道路-施工工地,自查自报
2024-12-31,deterministic_sir,41326,0.19647008,1,0,0.886634,2,0.0,moderate,clustered,工业企业,自查自报
2024-12-31,deterministic_sir,41325,0.05740769,0,0,0.457707,4,0.0,low,clustered,工地道路-施工工地,自查自报
2024-12-31,deterministic_sir,41324,0.06041769,0,0,0.17966,3,0.0,moderate,clustered,工地道路-施工工地,自查自报
2024-12-31,deterministic_sir,41323,0.06108803,0,0,0.424399,3,0.0,moderate,clustered,工地道路-施工工地,自查自报
2024-12-31,deterministic_sir,41322,0.40478025,0,1,3.714616,1,3.714616,high,clustered,其他面源-露天焚烧,自查自报
2024-12-31,deterministic_sir,46219,0.37965246,0,0,41.978089,0,0.0,high,isolated,其他面源-其他,监测报警
2024-12-31,deterministic_sir,46220,0.07253984,0,0,3.144524,1,0.0,moderate,clustered,,监测报警
2024-12-31,deterministic_sir,41321,0.18778113,1,1,0.924579,1,0.924579,moderate,clustered,工业企业,自查自报
2024-12-31,deterministic_sir,41320,0.20094222,1,0,1.798978,2,0.0,moderate,clustered,工业企业,自查自报
2024-12-31,deterministic_sir,41319,0.40349686,0,1,1.486325,1,1.486325,high,clustered,其他面源-露天焚烧,自查自报
2024-12-31,deterministic_sir,41318,0.05697017,0,0,0.542636,4,0.0,low,clustered,工地道路-施工工地,自查自报
2024-12-31,deterministic_sir,41317,0.16534482,0,0,0.001446,4,0.0,moderate,clustered,汽修,自查自报
2024-12-31,deterministic_sir,41316,0.05942276,0,1,0.006536,6,0.58566,moderate,clustered,工地道路-施工工地,自查自报
2024-12-31,deterministic_sir,41315,0.05953285,0,0,0.006536,6,0.0,moderate,clustered,工地道路-施工工地,自查自报
2024-12-31,deterministic_sir,41314,0.05607163,0,0,0.548289,4,0.0,low,clustered,工地道路-施工工地,自查自报
2024-12-31,deterministic_sir,41313,0.18041729,0,0,0.285114,4,0.0,moderate,clustered,汽修,自查自报
2024-12-31,deterministic_sir,46218,0.07141269,0,0,9.396232,0,0.0,moderate,isolated,,监测报警
2024-12-31,deterministic_sir,41312,0.1902496,0,0,0.424399,3,0.0,moderate,clustered,汽修,自查自报
2024-12-31,deterministic_sir,41311,0.36060758,0,1,0.58566,6,0.58566,high,clustered,其他面源-固定餐饮,自查自报
2024-12-31,saa_no_recourse,41344,0.05690535,0,0,0.255765,1,0.0,low,clustered,工地道路-施工工地,自查自报
2024-12-31,saa_no_recourse,41343,0.05688172,0,0,0.255765,1,0.0,low,clustered,工地道路-施工工地,自查自报
2024-12-31,saa_no_recourse,41342,0.40099094,1,1,6.981591,0,8.24386,high,isolated,其他面源-露天焚烧,自查自报
2024-12-31,saa_no_recourse,46221,0.07047888,0,0,15.391533,0,0.0,moderate,isolated,,监测报警
2024-12-31,saa_no_recourse,128285,0.40819682,1,1,6.430616,0,6.430616,high,isolated,其他面源-露天焚烧,线上-省高空巡查
2024-12-31,saa_no_recourse,41341,0.05352863,1,0,0.543964,6,0.0,low,clustered,工地道路-施工工地,自查自报
2024-12-31,saa_no_recourse,128284,0.40952823,1,1,15.467113,0,16.413546,high,isolated,其他面源-露天焚烧,线上-省高空巡查
2024-12-31,saa_no_recourse,41340,0.20675071,0,0,0.886634,2,0.0,high,clustered,工业企业,自查自报
2024-12-31,saa_no_recourse,41339,0.05930868,1,0,0.534374,6,0.0,moderate,clustered,工地道路-施工工地,自查自报
2024-12-31,saa_no_recourse,41338,0.16930476,0,0,0.240178,4,0.0,moderate,clustered,汽修,自查自报
2024-12-31,saa_no_recourse,41337,0.20960458,0,0,3.144524,1,0.0,high,clustered,工业企业,自查自报
2024-12-31,saa_no_recourse,41336,0.06165266,1,0,0.457707,4,0.0,moderate,clustered,工地道路-施工工地,自查自报
2024-12-31,saa_no_recourse,41335,0.05792361,0,0,0.240178,4,0.0,low,clustered,工地道路-施工工地,自查自报
2024-12-31,saa_no_recourse,41334,0.05754123,0,0,0.534374,6,0.0,low,clustered,工地道路-施工工地,自查自报
2024-12-31,saa_no_recourse,41333,0.19844527,0,1,3.714616,1,3.714616,moderate,clustered,工业企业,自查自报
2024-12-31,saa_no_recourse,41332,0.05645372,0,0,0.492302,4,0.0,low,clustered,工地道路-施工工地,自查自报
2024-12-31,saa_no_recourse,41331,0.05992493,0,0,0.17966,3,0.0,moderate,clustered,工地道路-施工工地,自查自报
2024-12-31,saa_no_recourse,41330,0.20881273,1,1,0.924579,1,0.924579,high,clustered,工业企业,自查自报
2024-12-31,saa_no_recourse,41329,0.21179829,0,1,1.486325,1,1.486325,high,clustered,工业企业,自查自报
2024-12-31,saa_no_recourse,41328,0.17403605,1,1,0.001446,4,14.889318,moderate,clustered,汽修,自查自报
2024-12-31,saa_no_recourse,41327,0.06057884,0,0,0.908355,6,0.0,moderate,clustered,工地道路-施工工地,自查自报
2024-12-31,saa_no_recourse,41326,0.19647008,1,0,0.886634,2,0.0,moderate,clustered,工业企业,自查自报
2024-12-31,saa_no_recourse,41325,0.05740769,0,0,0.457707,4,0.0,low,clustered,工地道路-施工工地,自查自报
2024-12-31,saa_no_recourse,41324,0.06041769,0,0,0.17966,3,0.0,moderate,clustered,工地道路-施工工地,自查自报
2024-12-31,saa_no_recourse,41323,0.06108803,0,0,0.424399,3,0.0,moderate,clustered,工地道路-施工工地,自查自报
2024-12-31,saa_no_recourse,41322,0.40478025,0,1,3.714616,1,3.714616,high,clustered,其他面源-露天焚烧,自查自报
2024-12-31,saa_no_recourse,46219,0.37965246,0,0,41.978089,0,0.0,high,isolated,其他面源-其他,监测报警
2024-12-31,saa_no_recourse,46220,0.07253984,0,0,3.144524,1,0.0,moderate,clustered,,监测报警
2024-12-31,saa_no_recourse,41321,0.18778113,1,1,0.924579,1,0.924579,moderate,clustered,工业企业,自查自报
2024-12-31,saa_no_recourse,41320,0.20094222,1,0,1.798978,2,0.0,moderate,clustered,工业企业,自查自报
2024-12-31,saa_no_recourse,41319,0.40349686,0,1,1.486325,1,1.486325,high,clustered,其他面源-露天焚烧,自查自报
2024-12-31,saa_no_recourse,41318,0.05697017,0,0,0.542636,4,0.0,low,clustered,工地道路-施工工地,自查自报
2024-12-31,saa_no_recourse,41317,0.16534482,0,0,0.001446,4,0.0,moderate,clustered,汽修,自查自报
2024-12-31,saa_no_recourse,41316,0.05942276,0,0,0.006536,6,0.0,moderate,clustered,工地道路-施工工地,自查自报
2024-12-31,saa_no_recourse,41315,0.05953285,0,0,0.006536,6,0.0,moderate,clustered,工地道路-施工工地,自查自报
2024-12-31,saa_no_recourse,41314,0.05607163,0,0,0.548289,4,0.0,low,clustered,工地道路-施工工地,自查自报
2024-12-31,saa_no_recourse,41313,0.18041729,0,0,0.285114,4,0.0,moderate,clustered,汽修,自查自报
2024-12-31,saa_no_recourse,46218,0.07141269,0,0,9.396232,0,0.0,moderate,isolated,,监测报警
2024-12-31,saa_no_recourse,41312,0.1902496,0,0,0.424399,3,0.0,moderate,clustered,汽修,自查自报
2024-12-31,saa_no_recourse,41311,0.36060758,0,1,0.58566,6,14.583026,high,clustered,其他面源-固定餐饮,自查自报
2024-12-31,two_stage_recourse,41344,0.05690535,0,0,0.255765,1,0.0,low,clustered,工地道路-施工工地,自查自报
2024-12-31,two_stage_recourse,41343,0.05688172,0,0,0.255765,1,0.0,low,clustered,工地道路-施工工地,自查自报
2024-12-31,two_stage_recourse,41342,0.40099094,1,1,6.981591,0,8.24386,high,isolated,其他面源-露天焚烧,自查自报
2024-12-31,two_stage_recourse,46221,0.07047888,0,0,15.391533,0,0.0,moderate,isolated,,监测报警
2024-12-31,two_stage_recourse,128285,0.40819682,1,1,6.430616,0,6.430616,high,isolated,其他面源-露天焚烧,线上-省高空巡查
2024-12-31,two_stage_recourse,41341,0.05352863,1,0,0.543964,6,0.0,low,clustered,工地道路-施工工地,自查自报
2024-12-31,two_stage_recourse,128284,0.40952823,1,1,15.467113,0,16.413546,high,isolated,其他面源-露天焚烧,线上-省高空巡查
2024-12-31,two_stage_recourse,41340,0.20675071,0,0,0.886634,2,0.0,high,clustered,工业企业,自查自报
2024-12-31,two_stage_recourse,41339,0.05930868,1,0,0.534374,6,0.0,moderate,clustered,工地道路-施工工地,自查自报
2024-12-31,two_stage_recourse,41338,0.16930476,0,0,0.240178,4,0.0,moderate,clustered,汽修,自查自报
2024-12-31,two_stage_recourse,41337,0.20960458,0,0,3.144524,1,0.0,high,clustered,工业企业,自查自报
2024-12-31,two_stage_recourse,41336,0.06165266,1,0,0.457707,4,0.0,moderate,clustered,工地道路-施工工地,自查自报
2024-12-31,two_stage_recourse,41335,0.05792361,0,0,0.240178,4,0.0,low,clustered,工地道路-施工工地,自查自报
2024-12-31,two_stage_recourse,41334,0.05754123,0,0,0.534374,6,0.0,low,clustered,工地道路-施工工地,自查自报
2024-12-31,two_stage_recourse,41333,0.19844527,0,1,3.714616,1,3.714616,moderate,clustered,工业企业,自查自报
2024-12-31,two_stage_recourse,41332,0.05645372,0,0,0.492302,4,0.0,low,clustered,工地道路-施工工地,自查自报
2024-12-31,two_stage_recourse,41331,0.05992493,0,0,0.17966,3,0.0,moderate,clustered,工地道路-施工工地,自查自报
2024-12-31,two_stage_recourse,41330,0.20881273,1,1,0.924579,1,0.924579,high,clustered,工业企业,自查自报
2024-12-31,two_stage_recourse,41329,0.21179829,0,1,1.486325,1,1.486325,high,clustered,工业企业,自查自报
2024-12-31,two_stage_recourse,41328,0.17403605,1,1,0.001446,4,14.889318,moderate,clustered,汽修,自查自报
2024-12-31,two_stage_recourse,41327,0.06057884,0,0,0.908355,6,0.0,moderate,clustered,工地道路-施工工地,自查自报
2024-12-31,two_stage_recourse,41326,0.19647008,1,0,0.886634,2,0.0,moderate,clustered,工业企业,自查自报
2024-12-31,two_stage_recourse,41325,0.05740769,0,0,0.457707,4,0.0,low,clustered,工地道路-施工工地,自查自报
2024-12-31,two_stage_recourse,41324,0.06041769,0,0,0.17966,3,0.0,moderate,clustered,工地道路-施工工地,自查自报
2024-12-31,two_stage_recourse,41323,0.06108803,0,0,0.424399,3,0.0,moderate,clustered,工地道路-施工工地,自查自报
2024-12-31,two_stage_recourse,41322,0.40478025,0,1,3.714616,1,3.714616,high,clustered,其他面源-露天焚烧,自查自报
2024-12-31,two_stage_recourse,46219,0.37965246,0,0,41.978089,0,0.0,high,isolated,其他面源-其他,监测报警
2024-12-31,two_stage_recourse,46220,0.07253984,0,0,3.144524,1,0.0,moderate,clustered,,监测报警
2024-12-31,two_stage_recourse,41321,0.18778113,1,1,0.924579,1,0.924579,moderate,clustered,工业企业,自查自报
2024-12-31,two_stage_recourse,41320,0.20094222,1,0,1.798978,2,0.0,moderate,clustered,工业企业,自查自报
2024-12-31,two_stage_recourse,41319,0.40349686,0,1,1.486325,1,1.486325,high,clustered,其他面源-露天焚烧,自查自报
2024-12-31,two_stage_recourse,41318,0.05697017,0,0,0.542636,4,0.0,low,clustered,工地道路-施工工地,自查自报
2024-12-31,two_stage_recourse,41317,0.16534482,0,0,0.001446,4,0.0,moderate,clustered,汽修,自查自报
2024-12-31,two_stage_recourse,41316,0.05942276,0,0,0.006536,6,0.0,moderate,clustered,工地道路-施工工地,自查自报
2024-12-31,two_stage_recourse,41315,0.05953285,0,0,0.006536,6,0.0,moderate,clustered,工地道路-施工工地,自查自报
2024-12-31,two_stage_recourse,41314,0.05607163,0,0,0.548289,4,0.0,low,clustered,工地道路-施工工地,自查自报
2024-12-31,two_stage_recourse,41313,0.18041729,0,0,0.285114,4,0.0,moderate,clustered,汽修,自查自报
2024-12-31,two_stage_recourse,46218,0.07141269,0,0,9.396232,0,0.0,moderate,isolated,,监测报警
2024-12-31,two_stage_recourse,41312,0.1902496,0,0,0.424399,3,0.0,moderate,clustered,汽修,自查自报
2024-12-31,two_stage_recourse,41311,0.36060758,0,1,0.58566,6,14.583026,high,clustered,其他面源-固定餐饮,自查自报
2024-12-31,dro_recourse,41344,0.05690535,0,0,0.255765,1,0.0,low,clustered,工地道路-施工工地,自查自报
2024-12-31,dro_recourse,41343,0.05688172,0,0,0.255765,1,0.0,low,clustered,工地道路-施工工地,自查自报
2024-12-31,dro_recourse,41342,0.40099094,1,1,6.981591,0,8.24386,high,isolated,其他面源-露天焚烧,自查自报
2024-12-31,dro_recourse,46221,0.07047888,0,0,15.391533,0,0.0,moderate,isolated,,监测报警
2024-12-31,dro_recourse,128285,0.40819682,1,1,6.430616,0,6.430616,high,isolated,其他面源-露天焚烧,线上-省高空巡查
2024-12-31,dro_recourse,41341,0.05352863,1,0,0.543964,6,0.0,low,clustered,工地道路-施工工地,自查自报
2024-12-31,dro_recourse,128284,0.40952823,1,1,15.467113,0,16.413546,high,isolated,其他面源-露天焚烧,线上-省高空巡查
2024-12-31,dro_recourse,41340,0.20675071,0,0,0.886634,2,0.0,high,clustered,工业企业,自查自报
2024-12-31,dro_recourse,41339,0.05930868,1,0,0.534374,6,0.0,moderate,clustered,工地道路-施工工地,自查自报
2024-12-31,dro_recourse,41338,0.16930476,0,0,0.240178,4,0.0,moderate,clustered,汽修,自查自报
2024-12-31,dro_recourse,41337,0.20960458,0,0,3.144524,1,0.0,high,clustered,工业企业,自查自报
2024-12-31,dro_recourse,41336,0.06165266,1,0,0.457707,4,0.0,moderate,clustered,工地道路-施工工地,自查自报
2024-12-31,dro_recourse,41335,0.05792361,0,0,0.240178,4,0.0,low,clustered,工地道路-施工工地,自查自报
2024-12-31,dro_recourse,41334,0.05754123,0,0,0.534374,6,0.0,low,clustered,工地道路-施工工地,自查自报
2024-12-31,dro_recourse,41333,0.19844527,0,1,3.714616,1,3.714616,moderate,clustered,工业企业,自查自报
2024-12-31,dro_recourse,41332,0.05645372,0,0,0.492302,4,0.0,low,clustered,工地道路-施工工地,自查自报
2024-12-31,dro_recourse,41331,0.05992493,0,0,0.17966,3,0.0,moderate,clustered,工地道路-施工工地,自查自报
2024-12-31,dro_recourse,41330,0.20881273,1,1,0.924579,1,0.924579,high,clustered,工业企业,自查自报
2024-12-31,dro_recourse,41329,0.21179829,0,1,1.486325,1,1.486325,high,clustered,工业企业,自查自报
2024-12-31,dro_recourse,41328,0.17403605,1,1,0.001446,4,14.889318,moderate,clustered,汽修,自查自报
2024-12-31,dro_recourse,41327,0.06057884,0,0,0.908355,6,0.0,moderate,clustered,工地道路-施工工地,自查自报
2024-12-31,dro_recourse,41326,0.19647008,1,0,0.886634,2,0.0,moderate,clustered,工业企业,自查自报
2024-12-31,dro_recourse,41325,0.05740769,0,0,0.457707,4,0.0,low,clustered,工地道路-施工工地,自查自报
2024-12-31,dro_recourse,41324,0.06041769,0,0,0.17966,3,0.0,moderate,clustered,工地道路-施工工地,自查自报
2024-12-31,dro_recourse,41323,0.06108803,0,0,0.424399,3,0.0,moderate,clustered,工地道路-施工工地,自查自报
2024-12-31,dro_recourse,41322,0.40478025,0,1,3.714616,1,3.714616,high,clustered,其他面源-露天焚烧,自查自报
2024-12-31,dro_recourse,46219,0.37965246,0,0,41.978089,0,0.0,high,isolated,其他面源-其他,监测报警
2024-12-31,dro_recourse,46220,0.07253984,0,0,3.144524,1,0.0,moderate,clustered,,监测报警
2024-12-31,dro_recourse,41321,0.18778113,1,1,0.924579,1,0.924579,moderate,clustered,工业企业,自查自报
2024-12-31,dro_recourse,41320,0.20094222,1,0,1.798978,2,0.0,moderate,clustered,工业企业,自查自报
2024-12-31,dro_recourse,41319,0.40349686,0,1,1.486325,1,1.486325,high,clustered,其他面源-露天焚烧,自查自报
2024-12-31,dro_recourse,41318,0.05697017,0,0,0.542636,4,0.0,low,clustered,工地道路-施工工地,自查自报
2024-12-31,dro_recourse,41317,0.16534482,0,0,0.001446,4,0.0,moderate,clustered,汽修,自查自报
2024-12-31,dro_recourse,41316,0.05942276,0,0,0.006536,6,0.0,moderate,clustered,工地道路-施工工地,自查自报
2024-12-31,dro_recourse,41315,0.05953285,0,0,0.006536,6,0.0,moderate,clustered,工地道路-施工工地,自查自报
2024-12-31,dro_recourse,41314,0.05607163,0,0,0.548289,4,0.0,low,clustered,工地道路-施工工地,自查自报
2024-12-31,dro_recourse,41313,0.18041729,0,0,0.285114,4,0.0,moderate,clustered,汽修,自查自报
2024-12-31,dro_recourse,46218,0.07141269,0,0,9.396232,0,0.0,moderate,isolated,,监测报警
2024-12-31,dro_recourse,41312,0.1902496,0,0,0.424399,3,0.0,moderate,clustered,汽修,自查自报
2024-12-31,dro_recourse,41311,0.36060758,0,1,0.58566,6,14.583026,high,clustered,其他面源-固定餐饮,自查自报
